https://www.roskilde-festival.dk/da/years/2023/acts/kendrick-lamar/,US,Kendrick Lamar,Orange,Onsdag 28. juni 2023,https://www.instagram.com/kendricklamar/,https://open.spotify.com/artist/2YZyLoL8N0Wb9xBt1NhZWg
https://www.roskilde-festival.dk/da/years/2023/acts/queens-of-the-stone-age/,US,Queens Of The Stone Age,Arena,Onsdag 28. juni 2023,https://www.instagram.com/queensofthestoneage,https://open.spotify.com/artist/4pejUc4iciQfgdX6OKulQn
https://www.roskilde-festival.dk/da/years/2023/acts/bl%C3%A6st/,DK,Blæst,Orange,Onsdag 28. juni 2023,https://www.instagram.com/blaestband/,https://open.spotify.com/artist/3elCsuJ1JjDeAd8mjlRRX5?si=qGDAPPyfR02rLOQTn7g-0g
https://www.roskilde-festival.dk/da/years/2023/acts/fever-ray/,SE,Fever Ray,Arena,Onsdag 28. juni 2023,https://www.instagram.com/feverray/,https://open.spotify.com/artist/5hE6NCoobhyEu6TRSbjOJY?si=7MONiDTWQUuQN_Iw76KiXA
https://www.roskilde-festival.dk/da/years/2023/acts/lorna-shore/,US,Lorna Shore,Avalon,Onsdag 28. juni 2023,https://www.instagram.com/lornashore/?hl=da,https://open.spotify.com/artist/6vXYoy8ouRVib302zxaxFF?si=ZZ_5FJK6QKetqBUGskj7hA
https://www.roskilde-festival.dk/da/years/2023/acts/rema/,NG,Rema,Arena,Onsdag 28. juni 2023,https://www.instagram.com/heisrema/,https://open.spotify.com/artist/46pWGuE3dSwY3bMMXGBvVS?si=ML0yJPlXRPqx4iBH4W4NCw
https://www.roskilde-festival.dk/da/years/2023/acts/villano-antillano/,PR,Villano Antillano,TBA,Onsdag 28. juni 2023,https://www.instagram.com/villanoantillano/,https://open.spotify.com/artist/1pi7nGhOM7PTHR5YEgXVGq?autoplay=true
https://www.roskilde-festival.dk/da/years/2023/acts/abji_hypersun-feat-moraya/,DK,Abji_Hypersun Feat. Moraya,Platform,Onsdag 28. juni 2023,https://www.instagram.com/abji_hypersun/,https://open.spotify.com/artist/5t15kyeJJYD6BnJ6s8J1Rt?si=G6CO5FOoS460YUUNBfSy-A
https://www.roskilde-festival.dk/da/years/2023/acts/armand-hammer/,US,Armand Hammer,TBA,Onsdag 28. juni 2023,https://www.instagram.com/armandhammernyc/,https://open.spotify.com/artist/3SCI7sXHUZIeDKMWC5NT9C?si=YZR2UxnVRQe7b4wxrqpWxw
https://www.roskilde-festival.dk/da/years/2023/acts/august-rosenbaum/,,August Rosenbaum,Gloria,Onsdag 28. juni 2023,https://www.instagram.com/augustrosenbaum_/?hl=en,https://open.spotify.com/artist/60jACvCiMkGWezYS8VZXQ4?si=qixV9XicTsivCeFs0c0haQ
https://www.roskilde-festival.dk/da/years/2023/acts/bala-desejo/,BR,Bala Desejo,TBA,Onsdag 28. juni 2023,https://www.instagram.com/baladesejo/,https://open.spotify.com/artist/4MF1QlpuvKRIfkmfOA4DrH?si=BtZhv8CwSC6cCsQ95hmvlQ
https://www.roskilde-festival.dk/da/years/2023/acts/benny-jamz/,DK,Benny Jamz,TBA,Onsdag 28. juni 2023,https://www.instagram.com/bennyjamzlive/,https://open.spotify.com/artist/2eBqkaIfoNsOPCQCQEy5fD?si=sqKet_thTq2qS0TNhG9Q8w
https://www.roskilde-festival.dk/da/years/2023/acts/big-joanie/,UK,Big Joanie,TBA,Onsdag 28. juni 2023,https://www.instagram.com/bigjoanieband/,https://open.spotify.com/artist/39cxr26gqrCiUgIkz4lA8j?si=1fuDQ9qdSKmR_W0fba1a8Q
https://www.roskilde-festival.dk/da/years/2023/acts/biig-piig/,IE,Biig Piig,TBA,Onsdag 28. juni 2023,https://www.instagram.com/biig_piig/,https://open.spotify.com/artist/4GoD5FJCgC0lbzde7ly44M
https://www.roskilde-festival.dk/da/years/2023/acts/billy-woods/,US,Billy Woods,TBA,Onsdag 28. juni 2023,https://www.instagram.com/roskildefestival/,https://open.spotify.com/artist/39vtb2iiz3079nqfL5nfFc?si=Aswh_AieQFakmAqRsnELDg
https://www.roskilde-festival.dk/da/years/2023/acts/brimheim/,DK,Brimheim,Avalon,Onsdag 28. juni 2023,https://www.instagram.com/brimheim/,https://open.spotify.com/artist/2ROf9t2bzHTnVuf8btRd5J?si=1yO9QDIrSz6UAP4HpKPXwg
https://www.roskilde-festival.dk/da/years/2023/acts/chat-pile/,,Chat Pile,Gloria,Onsdag 28. juni 2023,https://www.instagram.com/chatpileband/,https://open.spotify.com/artist/4yRSUmhuSJ3KcIMljdh4fH?si=NLbv-YnmS1evdPzB_uZksA
https://www.roskilde-festival.dk/da/years/2023/acts/debbie-sings/,DK,Debbie Sings,Apollo,Onsdag 28. juni 2023,https://www.instagram.com/xxdebbie_singsxx/,https://open.spotify.com/artist/5xrpKIIiDNRsPVOi0nYlkW?si=nA21diZPQMOVmq1yn1sZqg
https://www.roskilde-festival.dk/da/years/2023/acts/ivorian-doll/,UK,Ivorian Doll,Apollo,Onsdag 28. juni 2023,https://www.instagram.com/ivoriandoll/,https://open.spotify.com/artist/5zWJtrglcTFohMajO2qrgd?si=V1EfUlkvSBWml190u-Goow
https://www.roskilde-festival.dk/da/years/2023/acts/jake-blount/,US,Jake Blount,Gloria,Onsdag 28. juni 2023,https://www.instagram.com/jake.m.blount/,https://open.spotify.com/artist/63yfJDmaBbifNzvWUUdpv1?si=WGY-g-RkTV-lvLY53zHBaA
https://www.roskilde-festival.dk/da/years/2023/acts/minyo-crusaders/,JP,Minyo Crusaders,Avalon,Onsdag 28. juni 2023,https://www.instagram.com/minyocrusaders/,https://open.spotify.com/artist/1zpJ58qKOgKcWge9iaFxHG?si=WRWt5RdtSl-kfPedDCRaig
https://www.roskilde-festival.dk/da/years/2023/acts/phloem/,,Phloem,Apollo,Onsdag 28. juni 2023,https://www.instagram.com/__phloem__/,https://open.spotify.com/playlist/5W0vbpdNlcuIw2N1S5Cr8C
https://www.roskilde-festival.dk/da/years/2023/acts/piri/,UK,Piri,Apollo,Onsdag 28. juni 2023,https://www.instagram.com/piri.io_/,https://open.spotify.com/artist/4DpmPt7gfAAq7WEx0E1X8s?si=Ge8sDRFwT9qf-J6c9Cw5dg
https://www.roskilde-festival.dk/da/years/2023/acts/sisso-maiko-plus-rehema-asher-tajiri/,TZ,Sisso & Maiko + Rehema & Asher Tajiri,Gloria,Onsdag 28. juni 2023,https://www.instagram.com/rehematajiriofficial/,https://open.spotify.com/album/5Hzxd5QnTg3dSovyTXv6F5?si=ndrwJrAWQUGNBmXMRgsq0g
https://www.roskilde-festival.dk/da/years/2023/acts/son-rompe-pera/,MX,Son Rompe Pera,TBA,Onsdag 28. juni 2023,https://www.instagram.com/sonrompepera/,https://open.spotify.com/artist/0UKHKimjIGeFoS29LxWf4V?si=8cVHUSyWQnyYL2Nc0pRrnQ
https://www.roskilde-festival.dk/da/years/2023/acts/lil-nas-x/,US,Lil Nas X,Orange,Torsdag 29. juni 2023,https://www.instagram.com/lilnasx/,https://open.spotify.com/artist/7jVv8c5Fj3E9VhNjxT4snq?si=nuPTK6cgT2yQe5nkyJf_ww
https://www.roskilde-festival.dk/da/years/2023/acts/burna-boy/,NG,Burna Boy,Orange,Torsdag 29. juni 2023,https://www.instagram.com/burnaboygram,https://open.spotify.com/artist/3wcj11K77LjEY1PkEazffa
https://www.roskilde-festival.dk/da/years/2023/acts/central-cee/,UK,Central Cee,Arena,Torsdag 29. juni 2023,https://www.instagram.com/central__cee__/,https://open.spotify.com/artist/5H4yInM5zmHqpKIoMNAx4r?si=2dfiUBoYSRKkyUYiaCZVSw
https://www.roskilde-festival.dk/da/years/2023/acts/latto/,US,Latto,Arena,Torsdag 29. juni 2023,https://www.instagram.com/latto777/,https://open.spotify.com/artist/3MdXrJWsbVzdn6fe5JYkSQ?si=QYg6SVaNRju8HxgPmzhcWw
https://www.roskilde-festival.dk/da/years/2023/acts/tove-lo/,SE,Tove Lo,Orange,Torsdag 29. juni 2023,https://www.instagram.com/tovelo/,https://open.spotify.com/artist/4NHQUGzhtTLFvgF5SZesLK?si=nubtht6NTmOmCb_PoSzMdQ
https://www.roskilde-festival.dk/da/years/2023/acts/070-shake/,US,070 Shake,Apollo,Torsdag 29. juni 2023,https://www.instagram.com/070shake/,https://open.spotify.com/artist/12Zk1DFhCbHY6v3xep2ZjI
https://www.roskilde-festival.dk/da/years/2023/acts/busta-rhymes/,US,Busta Rhymes,Orange,Torsdag 29. juni 2023,https://www.instagram.com/bustarhymes/,https://open.spotify.com/artist/1YfEcTuGvBQ8xSD1f53UnK?si=mGnCIYANQiO4MS0SmBmf-A
https://www.roskilde-festival.dk/da/years/2023/acts/denzel-curry/,US,Denzel Curry,Arena,Torsdag 29. juni 2023,https://www.instagram.com/denzelcurryph,https://open.spotify.com/artist/6fxyWrfmjcbj5d12gXeiNV
https://www.roskilde-festival.dk/da/years/2023/acts/electric-wizard/,UK,Electric Wizard,Avalon,Torsdag 29. juni 2023,https://www.instagram.com/electricwizard.official/,https://open.spotify.com/artist/4htjQW3lgIwL6fEJlTOez4?si=sc3NEMD-TjisbPpKcsLzFw
https://www.roskilde-festival.dk/da/years/2023/acts/hudson-mohawke/,UK,Hudson Mohawke,Apollo,Torsdag 29. juni 2023,https://www.instagram.com/hudmo/,https://open.spotify.com/artist/6olWbKW2VLhFCHfOi0iEDb?si=mwJyEOMFRbOIyllYFS-MUw
https://www.roskilde-festival.dk/da/years/2023/acts/jid/,US,J.I.D,Arena,Torsdag 29. juni 2023,https://www.instagram.com/jidsv/,https://open.spotify.com/artist/6U3ybJ9UHNKEdsH7ktGBZ7?si=BTgCCizyQq6XV-8aIjKSLg
https://www.roskilde-festival.dk/da/years/2023/acts/karpe-omar-sheriff/,,Karpe: Omar Sheriff,Avalon,Torsdag 29. juni 2023,https://www.instagram.com/karpe_offisiell/?hl=da,https://open.spotify.com/artist/3X23gpg1vPacr0hBARyxtN?si=ZUsK3xVPQj2PlEL3tx9Cmw
https://www.roskilde-festival.dk/da/years/2023/acts/lous-and-the-yakuza/,CD/BE,Lous And The Yakuza,TBA,Torsdag 29. juni 2023,https://www.instagram.com/lousandtheyakuza/?hl=da,https://open.spotify.com/artist/2HPiMwJktBXqakN0hnON2R?si=Uu0a0RThSf6zhKBG2N0oLw
https://www.roskilde-festival.dk/da/years/2023/acts/rina-sawayama/,UK/JP,Rina Sawayama,Arena,Torsdag 29. juni 2023,https://www.instagram.com/rinasonline/,https://open.spotify.com/artist/2KEqzdPS7M5YwGmiuPTdr5
https://www.roskilde-festival.dk/da/years/2023/acts/sudan-archives/,US,Sudan Archives,Avalon,Torsdag 29. juni 2023,https://www.instagram.com/sudanarchives/,https://open.spotify.com/artist/2MPHBxznH1fj59jbOWY38u?si=iQMGOX2VTFWEubsuIqH9uw
https://www.roskilde-festival.dk/da/years/2023/acts/yung-lean/,,Yung Lean,Arena,Torsdag 29. juni 2023,https://www.instagram.com/yunglean2001/,https://open.spotify.com/artist/67lytN32YpUxiSeWlKfHJ3?si=1f9zvokpT9aWP0DLA_ZC5w
https://www.roskilde-festival.dk/da/years/2023/acts/chupame-el-dedo/,,Chupame El Dedo,TBA,Torsdag 29. juni 2023,https://www.instagram.com/chupameeldedo/,https://open.spotify.com/artist/4xuTb7SFiVkESJFuxFk9Qb?si=tsQyhQk4SVyO3zkH0-amow
https://www.roskilde-festival.dk/da/years/2023/acts/clarissa-connellys-canons/,DK,Clarissa Connelly'S Canons,Platform,Torsdag 29. juni 2023,https://www.instagram.com/clarissa.connelly/,https://open.spotify.com/artist/5YTJVNTfb9qDXATTlzuR5S?si=pIzOLU4FSJGIGka0s8yFCg
https://www.roskilde-festival.dk/da/years/2023/acts/courtney-marie-andrews/,US,Courtney Marie Andrews,Avalon,Torsdag 29. juni 2023,https://www.instagram.com/courtneymarieandrews/,https://open.spotify.com/artist/1EI0B66miJj5Fl408B7E9H?si=Lhk-wUJKTBuewc5cwXFewg
https://www.roskilde-festival.dk/da/years/2023/acts/dalum/,KR,Dal:Um,Platform,Torsdag 29. juni 2023,https://www.instagram.com/dal__um/,https://open.spotify.com/artist/4DE7afkjFxYier8CkuQUJb?si=h0BgYjr3SG6yQuUujUuOYw
https://www.roskilde-festival.dk/da/years/2023/acts/destroy-boys/,US,Destroy Boys,TBA,Torsdag 29. juni 2023,https://www.instagram.com/destroyboysband/,https://open.spotify.com/artist/7KeN0XX71T4fGysIYLB5J5?si=Bps9dUyBQyS69prZKssPAA
https://www.roskilde-festival.dk/da/years/2023/acts/dry-cleaning/,,Dry Cleaning,TBA,Torsdag 29. juni 2023,https://www.instagram.com/drycleaningband/,https://open.spotify.com/artist/7DlD7rLG9MKuvXtTeACzkO
https://www.roskilde-festival.dk/da/years/2023/acts/ethel-cain/,US,Ethel Cain,Avalon,Torsdag 29. juni 2023,https://www.instagram.com/mothercain/,https://open.spotify.com/artist/0avMDS4HyoCEP6RqZJWpY2?si=9M_GbKl0RdWPOWjzteznAQ
https://www.roskilde-festival.dk/da/years/2023/acts/florist/,US,Florist,Gloria,Torsdag 29. juni 2023,https://www.instagram.com/mlesprg/,https://open.spotify.com/playlist/4X3nNZpb6K01VWthTG95lf
https://www.roskilde-festival.dk/da/years/2023/acts/gabber-modus-operandi/,ID,Gabber Modus Operandi,Platform,Torsdag 29. juni 2023,https://www.instagram.com/gabbermodusoperandi/,https://open.spotify.com/artist/4z8y2MjTFwLa73dABYP1io?si=962sFmrtT2ikXuzcDTlPfQ
https://www.roskilde-festival.dk/da/years/2023/acts/gyedu-blay-ambolley/,GH,Gyedu-Blay Ambolley,TBA,Torsdag 29. juni 2023,https://www.instagram.com/gyedublay_official/,https://open.spotify.com/artist/3K7G8Czqv2acbaWlxFfjbj?si=CvVVV5ThSuCcauKpkwzWPA
https://www.roskilde-festival.dk/da/years/2023/acts/harvey-sutherland/,AU,Harvey Sutherland,TBA,Torsdag 29. juni 2023,https://www.instagram.com/harveysutherland/,https://open.spotify.com/artist/4CxFlJDif0atTK3gZebcEf?si=tfxokMwsRA2i6Y3DTFWLqA
https://www.roskilde-festival.dk/da/years/2023/acts/indigo-de-souza/,US,Indigo De Souza,TBA,Torsdag 29. juni 2023,https://www.instagram.com/indigofaraway/,https://open.spotify.com/artist/3ir2pF2mkiEWqyPenKTh5e
https://www.roskilde-festival.dk/da/years/2023/acts/ithaca/,UK,Ithaca,TBA,Torsdag 29. juni 2023,https://www.instagram.com/ithacaband/,https://open.spotify.com/artist/7HIvrtPrTTxXrBeJkiRj8x?si=iOkpO4zmTPGrTGQdApQDNQ
https://www.roskilde-festival.dk/da/years/2023/acts/koloah/,UA,Koloah,Apollo,Torsdag 29. juni 2023,https://www.instagram.com/koloah/,https://open.spotify.com/artist/47h1fkAGUe9nbV8TLPYUAM?si=sA2-bzblSrqqKR3eD1BQJg
https://www.roskilde-festival.dk/da/years/2023/acts/leenalchi/,KR,Leenalchi,TBA,Torsdag 29. juni 2023,https://www.instagram.com/leenalchi/?hl=da,https://open.spotify.com/artist/0kHgYUOcTac5RhkYx1thsq?si=dTWegvhDSZyzMgqhY8Cw6A
https://www.roskilde-festival.dk/da/years/2023/acts/l%C3%A9on/,SE,Léon,TBA,Torsdag 29. juni 2023,http://instagram.com/leon,https://open.spotify.com/artist/4SqTiwOEdYrNayaGMkc7ia?si=zKFZl3yuQey6pzapc2w0QQ
https://www.roskilde-festival.dk/da/years/2023/acts/melodi-ghazal/,DK/IR,Melodi Ghazal,Gloria,Torsdag 29. juni 2023,https://www.instagram.com/melodighazal/,https://open.spotify.com/artist/6f05TSa46XPA6UoITTjqwm?si=oBbs2larRM-W1XiEs51bUw
https://www.roskilde-festival.dk/da/years/2023/acts/mor/,SE,Mor,TBA,Torsdag 29. juni 2023,https://www.instagram.com/mor_wakeup,https://open.spotify.com/artist/4VLZWJV6x7gfDSasogv3sb?si=REB5zg_LS0W70ESxFAGJLw
https://www.roskilde-festival.dk/da/years/2023/acts/newa/,GE,Newa,Apollo,Torsdag 29. juni 2023,https://www.instagram.com/newa.music/?hl=de,https://open.spotify.com/playlist/5W0vbpdNlcuIw2N1S5Cr8C
https://www.roskilde-festival.dk/da/years/2023/acts/nora-brown/,US,Nora Brown,Gloria,Torsdag 29. juni 2023,https://www.instagram.com/little.nb/,https://open.spotify.com/artist/7h7pPNSsoz0NnyDmIqY7OT?si=H6QNFaRkShOxfc3D2zZorw
https://www.roskilde-festival.dk/da/years/2023/acts/nova-twins/,UK,Nova Twins,TBA,Torsdag 29. juni 2023,https://www.instagram.com/novatwinsmusic/,https://open.spotify.com/artist/7I95CM75shzCjHuTzrepjM?si=n7bS8RbGQLCP7CDpblx2nA
https://www.roskilde-festival.dk/da/years/2023/acts/pongo/,AO/PT,Pongo,Gloria,Torsdag 29. juni 2023,https://www.instagram.com/pongo_official/,https://open.spotify.com/artist/17MjqHVqjHRfIKAKen6o34?si=4dX6-FWlQq6aB5CoEmXjvw
https://www.roskilde-festival.dk/da/years/2023/acts/prisma/,DK,Prisma,Avalon,Torsdag 29. juni 2023,https://www.instagram.com/prisma.theband/?hl=da,https://open.spotify.com/artist/5b02TpKt4S8eb9f7Smg8Au?si=2IYe4ilmTve_OLi8DYtgtw
https://www.roskilde-festival.dk/da/years/2023/acts/rachel-noon/,US,Rachel Noon,Apollo,Torsdag 29. juni 2023,https://www.instagram.com/rachelnoondj/,https://open.spotify.com/playlist/5W0vbpdNlcuIw2N1S5Cr8C
https://www.roskilde-festival.dk/da/years/2023/acts/ruslan-mays/,UA,Ruslan Mays,Apollo,Torsdag 29. juni 2023,https://www.instagram.com/ruslanmays/?hl=da,https://open.spotify.com/artist/1YeeNkaw6ahO6STbC1wliv?si=lLnYzZ9RQ02LFyKnIKhV0Q
https://www.roskilde-festival.dk/da/years/2023/acts/sha%C3%A9-universe/,NG,Shaé Universe,TBA,Torsdag 29. juni 2023,https://www.instagram.com/shaesuniverse/?hl=en,https://open.spotify.com/artist/5gaElx30yTGGiOCVnml29N?si=PwYM84maSe6an1qoaa0VdA
https://www.roskilde-festival.dk/da/years/2023/acts/soul-glo/,US,Soul Glo,Avalon,Torsdag 29. juni 2023,https://www.instagram.com/soulglophl/?hl=da,https://open.spotify.com/artist/0mWrp0C4ShdOjs7P29Gzan?si=AZl6I0W8Rrm5bbpgyULsmA
https://www.roskilde-festival.dk/da/years/2023/acts/special-interest/,US,Special Interest,Gloria,Torsdag 29. juni 2023,https://www.instagram.com/specialinterest.no,https://open.spotify.com/artist/2CYTLJOt91YLe1JLStFu6m?si=bLULh4MaRvil5mx9zjWMgA
https://www.roskilde-festival.dk/da/years/2023/acts/sugar/,DK,Sugar,Apollo,Torsdag 29. juni 2023,https://www.instagram.com/sugar_electronics/,
https://www.roskilde-festival.dk/da/years/2023/acts/uniform/,US,Uniform,Gloria,Torsdag 29. juni 2023,https://www.instagram.com/uniform_nyc/?hl=en,https://open.spotify.com/artist/3TaLdYu9rA6H364ROYMmvF?si=YGV_A5xpTxmFFTZ8zx8J6w
https://www.roskilde-festival.dk/da/years/2023/acts/yun%C3%A8-pinku/,,Yunè Pinku,Gloria,Torsdag 29. juni 2023,https://www.instagram.com/yune.pinku/?hl=en,https://open.spotify.com/artist/2sY4BbYrbvNVgsNzo6HddD?si=buToaCKeQhmEjqnNWi7pMA
https://www.roskilde-festival.dk/da/years/2023/acts/blur/,UK,Blur,Orange,Fredag 30. juni 2023,https://www.instagram.com/blurofficial/,https://open.spotify.com/artist/7MhMgCo0Bl0Kukl93PZbYS?si=-pGfUtHkQJ27_6fVuSFg9w
https://www.roskilde-festival.dk/da/years/2023/acts/rosal%C3%ADa/,ES,Rosalía,Arena,Fredag 30. juni 2023,https://www.instagram.com/rosalia.vt/,https://open.spotify.com/artist/7ltDVBr6mKbRvohxheJ9h1?si=2Zl19AkwSmuH24jw5UdaNA
https://www.roskilde-festival.dk/da/years/2023/acts/christine-and-the-queens/,FR,Christine And The Queens,Orange,Fredag 30. juni 2023,https://www.instagram.com/christineandthequeens,https://open.spotify.com/artist/04vj3iPUiVh5melWr0w3xT
https://www.roskilde-festival.dk/da/years/2023/acts/d-block-europe/,,D-Block Europe,Arena,Fredag 30. juni 2023,https://www.instagram.com/dblock_europe/,https://open.spotify.com/playlist/5W0vbpdNlcuIw2N1S5Cr8C
https://www.roskilde-festival.dk/da/years/2023/acts/kesi/,DK,Kesi,Orange,Fredag 30. juni 2023,https://www.instagram.com/kesi,https://open.spotify.com/artist/2d7AMvzFwh5wUTuqQl3BAE
https://www.roskilde-festival.dk/da/years/2023/acts/adekunle-gold/,NG,Adekunle Gold,TBA,Fredag 30. juni 2023,https://www.instagram.com/adekunlegold/,https://open.spotify.com/artist/2IK173RXLiCSQ8fhDlAb3s
https://www.roskilde-festival.dk/da/years/2023/acts/alice-glass/,CA,Alice Glass,Apollo,Fredag 30. juni 2023,https://www.instagram.com/_alice_glass/,https://open.spotify.com/artist/4ukk0IyB7vL97QirpOcNr3?si=AdqZaMijRFSXgZ55e_ylew
https://www.roskilde-festival.dk/da/years/2023/acts/code-orange/,US,Code Orange,Avalon,Fredag 30. juni 2023,https://www.instagram.com/codeorangetoth/,https://open.spotify.com/artist/6qtECqesbU29iftyeWmldK?si=AdPOr88yRYuaqX-XOpXL8Q
https://www.roskilde-festival.dk/da/years/2023/acts/glorilla/,US,Glorilla,TBA,Fredag 30. juni 2023,https://www.instagram.com/glorillapimp/,https://open.spotify.com/artist/2qoQgPAilErOKCwE2Y8wOG?si=4ulDxJH_QPOGLn-A92pYgw
https://www.roskilde-festival.dk/da/years/2023/acts/greentea-peng/,UK,Greentea Peng,Arena,Fredag 30. juni 2023,https://www.instagram.com/greenteapeng/?hl=en,https://open.spotify.com/artist/5z9wLR0RGBcWMXr4fCZW0K?si=2awVWjnBQseOOHIxTP7tmA
https://www.roskilde-festival.dk/da/years/2023/acts/japanese-breakfast/,US,Japanese Breakfast,Avalon,Fredag 30. juni 2023,https://www.instagram.com/jbrekkie,https://open.spotify.com/artist/7MoIc5s9KXolCBH1fy9kkw?si=4Bx4gpmrShiHzhRSteUeng
https://www.roskilde-festival.dk/da/years/2023/acts/liraz/,IR,Liraz,Avalon,Fredag 30. juni 2023,https://www.instagram.com/liraz_naz/,https://open.spotify.com/artist/0qTgfqWyTcC1VAYn2vSMpk?si=ZMngb3zXSG6_lz1fI5a4Wg
https://www.roskilde-festival.dk/da/years/2023/acts/rokia-kon%C3%A9/,,Rokia Koné,Avalon,Fredag 30. juni 2023,https://www.instagram.com/rokiakonemusic/,https://open.spotify.com/artist/5SU4pT9l4cpiEcp4IdiuTb?si=d-Idm02qQpahJSt1WqVXLA
https://www.roskilde-festival.dk/da/years/2023/acts/animistic-beliefs/,NL,Animistic Beliefs,Apollo,Fredag 30. juni 2023,https://www.instagram.com/animisticbeliefs/,https://open.spotify.com/artist/29S2cn8e5Hg0HuQxAuR2Sr?si=bPrk7dw6TreHi2OQ5L6kLg
https://www.roskilde-festival.dk/da/years/2023/acts/aunty-rayzor/,NG,Aunty Rayzor,Gloria,Fredag 30. juni 2023,https://www.instagram.com/auntyrayzor/,https://open.spotify.com/artist/2Fn2ztLqyHRiJw53gXonuz?si=Vd4SacbJS7O-e9_h4J9J5A
https://www.roskilde-festival.dk/da/years/2023/acts/baby-volcano/,CH,Baby Volcano,Platform,Fredag 30. juni 2023,https://www.instagram.com/babyvolcano__/,https://open.spotify.com/artist/4v7IAW1zJCPQNdq3UpiDoU?si=Ff5w9kBIQ62SINZbRfL0zA
https://www.roskilde-festival.dk/da/years/2023/acts/backxwash/,ZM/CA,Backxwash,Gloria,Fredag 30. juni 2023,https://www.instagram.com/backxwash/,https://open.spotify.com/artist/4du3q8TIzsZxZZKdRT23Jg?si=5Z8m-tAmTQy_3NpqfLwlyA&dl_branch=1
https://www.roskilde-festival.dk/da/years/2023/acts/body-type/,AU,Body Type,TBA,Fredag 30. juni 2023,https://www.instagram.com/bodytypeband/,https://open.spotify.com/artist/2gOqvEhTe5TjetSBfivC4D?si=zePv1UaSSLGWkFZZlOoDBw
https://www.roskilde-festival.dk/da/years/2023/acts/bru-c/,UK,Bru-C,Apollo,Fredag 30. juni 2023,https://www.instagram.com/iambru_uk,https://open.spotify.com/artist/7GDrXlpRrdG29o4n0pNR5D
https://www.roskilde-festival.dk/da/years/2023/acts/candy/,US,Candy,TBA,Fredag 30. juni 2023,https://www.instagram.com/candygonnadie/,https://open.spotify.com/artist/4oWlenweHbPcDXKvyNUbBl?si=RnMB4Sc6SH-59dNkVxgNYw
https://www.roskilde-festival.dk/da/years/2023/acts/caroline/,UK,Caroline,Gloria,Fredag 30. juni 2023,https://www.instagram.com/carolinetheband/,https://open.spotify.com/artist/2e74MUhJZSeg2Goe2UUAj3?si=u3orxiUoQEqrP8MvjdKAoQ
https://www.roskilde-festival.dk/da/years/2023/acts/clarissa-connellys-canons/,DK,Clarissa Connelly'S Canons,Platform,Torsdag 29. juni 2023,https://www.instagram.com/clarissa.connelly/,https://open.spotify.com/artist/5YTJVNTfb9qDXATTlzuR5S?si=pIzOLU4FSJGIGka0s8yFCg
https://www.roskilde-festival.dk/da/years/2023/acts/coco-em/,KE,Coco Em,Apollo,Fredag 30. juni 2023,https://www.instagram.com/cocoem__/,https://open.spotify.com/artist/3FahF8OhHNaw7OJRfEPy9x?si=tJ_MQhcISse0sYECHRoQww
https://www.roskilde-festival.dk/da/years/2023/acts/d1ma/,DK,D1Ma,Arena,Fredag 30. juni 2023,https://www.instagram.com/d1ma.n1/,https://open.spotify.com/artist/5RaTuqY7SJHvh6MNzMagut?si=rxQ9yC6kQTyauko-vv2adw
https://www.roskilde-festival.dk/da/years/2023/acts/derya-y%C4%B1ld%C4%B1r%C4%B1m-grup-%C5%9Fim%C5%9Fek/,,Derya Yildirim & Grup Şimşek,Gloria,Fredag 30. juni 2023,https://www.instagram.com/deryayildirim_grupsimsek/,https://open.spotify.com/artist/2Y0SH69uxHrHrjiZCuTSaT?si=T_DPHtYuSeuk3-Of8vvTag
https://www.roskilde-festival.dk/da/years/2023/acts/eee-gee/,DK,Eee Gee,TBA,Fredag 30. juni 2023,https://www.instagram.com/emmagrankvist,https://open.spotify.com/artist/7wwdO3koJONTrS5TtFJ8RN
https://www.roskilde-festival.dk/da/years/2023/acts/florence-adooni/,,Florence Adooni,TBA,Fredag 30. juni 2023,https://www.instagram.com/roskildefestival/,https://open.spotify.com/artist/4804FMh4N7pndfmQsS904u?si=izGffaGQT4-eCh1wH4kRGw
https://www.roskilde-festival.dk/da/years/2023/acts/francesca-burattelli/,DK/IT,Francesca Burattelli,Platform,Fredag 30. juni 2023,https://www.instagram.com/francescaburattelli/,https://open.spotify.com/artist/1PjvFKWCySjwlkN6nbKDhM?si=Lavx6RexTgiVSaO5W6Aa4Q
https://www.roskilde-festival.dk/da/years/2023/acts/fraads/,,Fraads,TBA,Fredag 30. juni 2023,https://www.instagram.com/_fraads_/,https://open.spotify.com/artist/0qpVYqW8pjiACu0FasfPnH?si=t75wMMZlRwqpyPCFl4OPRQ
https://www.roskilde-festival.dk/da/years/2023/acts/ganger/,DK,Ganger,Arena,Fredag 30. juni 2023,https://www.instagram.com/gangeranganger/,https://open.spotify.com/artist/0VkD20LbMsdWiikUO83GPT?si=aH9Ig2inQ8mJBhb-PWjoLw
https://www.roskilde-festival.dk/da/years/2023/acts/ghetto-kumb%C3%A9/,CO,Ghetto Kumbé,Apollo,Fredag 30. juni 2023,https://www.instagram.com/ghettokumbe/,https://open.spotify.com/artist/395rqoVSDgQIF7fzRfZIoy?si=DnP4wVZfTCK7EGA4KSkGWQ
https://www.roskilde-festival.dk/da/years/2023/acts/guldimund/,,Guldimund,Avalon,Fredag 30. juni 2023,https://www.instagram.com/guldimundguldimund/,https://open.spotify.com/artist/5269oiQ5yjMDcgXoJr6zkw?si=4yacx6EuQKC-DkpQIxYZ-Q
https://www.roskilde-festival.dk/da/years/2023/acts/jockstrap/,UK,Jockstrap,TBA,Fredag 30. juni 2023,https://www.instagram.com/jockstrap_music/,https://open.spotify.com/artist/6S3Z6Me30mtdm526H17v8k?si=Bje5sPewQX2rlYEDILrqTQ
https://www.roskilde-festival.dk/da/years/2023/acts/lady-neptune/,UK,Lady Neptune,Gloria,Fredag 30. juni 2023,https://open.spotify.com/artist/1uLlFT863JCNsqWt5KUgfV?si=A7br-hMaSXyLDAvu64okFA,https://open.spotify.com/playlist/4X3nNZpb6K01VWthTG95lf
https://www.roskilde-festival.dk/da/years/2023/acts/luedji-luna/,BR,Luedji Luna,Gloria,Fredag 30. juni 2023,https://www.instagram.com/luedjiluna/,https://open.spotify.com/artist/0sWTkzCrdEvuX7Du6MFLzc?si=uh7BigCeRYmXaAKuzmraIQ
https://www.roskilde-festival.dk/da/years/2023/acts/metteson/,NO,Metteson,Avalon,Fredag 30. juni 2023,https://www.instagram.com/mettesonmusic/?hl=en,https://open.spotify.com/artist/6I6dO1Ytvcv32R1uzP5oZD?si=UZ9PuEcSQki7g6_nYZ9_sg
https://www.roskilde-festival.dk/da/years/2023/acts/nikki-lane/,US,Nikki Lane,TBA,Fredag 30. juni 2023,https://www.instagram.com/nikkilane77/,https://open.spotify.com/artist/2kWeFaiHBskk8oqky3KHcR?si=QfaxVXT6QZaFyk4gw5vxLg
https://www.roskilde-festival.dk/da/years/2023/acts/shasimone/,UK,Shasimone,TBA,Fredag 30. juni 2023,https://www.instagram.com/shasimone/,https://open.spotify.com/artist/0R9Z8Eu8CF5KN4zLJSRFJw?si=dcCDNJIGSrqSAVj12YRyJw
https://www.roskilde-festival.dk/da/years/2023/acts/siti-muharam/,TZ,Siti Muharam,Gloria,Fredag 30. juni 2023,https://www.instagram.com/siti___muharam/,https://open.spotify.com/artist/2YiO4vmSdl8Pz3MFyohYyo?si=oZD8g-97QK2iFuwVsS96xg
https://www.roskilde-festival.dk/da/years/2023/acts/the-po-ramblin-boys/,US,The Po' Ramblin' Boys,TBA,Fredag 30. juni 2023,https://www.instagram.com/poramblinboys/,https://open.spotify.com/artist/65XZgRZMfuSawjuSFrnz0o?si=5HaU1B7PRpeTGYIJhg7m-w
https://www.roskilde-festival.dk/da/years/2023/acts/wu-lu/,UK,Wu-Lu,TBA,Fredag 30. juni 2023,https://www.instagram.com/wulumusic/,https://open.spotify.com/artist/5yRolHpTcDas7KX7KiH6Wd?si=MXE9DC2EReibGukzDJbL1A
https://www.roskilde-festival.dk/da/years/2023/acts/yaya-bey/,US,Yaya Bey,TBA,Fredag 30. juni 2023,https://www.instagram.com/yayabeybay,https://open.spotify.com/artist/6tpaMMCs8X6o8j9H5OmWmT?si=IUmb46FEQGuTUlDKSRiI-A
https://www.roskilde-festival.dk/da/years/2023/acts/zuli/,,Zuli,Gloria,Fredag 30. juni 2023,https://www.instagram.com/zulimusic/,https://open.spotify.com/artist/5Kur13kkU4pOoNFAE8K0YF?si=nk35DZAeTwqZnTB8ljC_sg
https://www.roskilde-festival.dk/da/years/2023/acts/lizzo/,US,Lizzo,Orange,Lørdag 1. juli 2023,https://www.instagram.com/lizzobeeating/,https://open.spotify.com/artist/56oDRnqbIiwx4mymNEv7dS?si=9cwctR29QXG5S5ZSeLd48Q
https://www.roskilde-festival.dk/da/years/2023/acts/caroline-polachek/,US,Caroline Polachek,Arena,Lørdag 1. juli 2023,https://www.instagram.com/carolineplz,https://open.spotify.com/artist/4Ge8xMJNwt6EEXOzVXju9a?si=Dm5MHyRcTWuI1KcW1kZjwQ
https://www.roskilde-festival.dk/da/years/2023/acts/loyle-carner/,UK,Loyle Carner,Arena,Lørdag 1. juli 2023,https://www.instagram.com/loylecarner/,https://open.spotify.com/artist/4oDjh8wNW5vDHyFRrDYC4k?si=TDFmbRk2Rs-MEFdbCrrvzA
https://www.roskilde-festival.dk/da/years/2023/acts/tobias-rahim/,DK,Tobias Rahim,Orange,Lørdag 1. juli 2023,https://www.instagram.com/tobiasrahim/,https://open.spotify.com/artist/1w2fVGZN37TieWhlqS8UwB?si=rDWdvIP8S5uviznRUCp3eA
https://www.roskilde-festival.dk/da/years/2023/acts/o-sss-ee__/,UK,‘’][‘’//[[O]] Sss}}{{Ee\_\_,Apollo,Lørdag 1. juli 2023,https://www.instagram.com/twoshell/,https://open.spotify.com/artist/4mcHKwboFDmpDBQ4fiOrf3?si=HNa-GFOpRFiVc-hHxpM-mQ
https://www.roskilde-festival.dk/da/years/2023/acts/ang%C3%A9lique-kidjo/,BJ,Angélique Kidjo,Arena,Lørdag 1. juli 2023,https://www.instagram.com/angeliquekidjo/,https://open.spotify.com/artist/51qUDJb5AtQX6jIL4VJx6M
https://www.roskilde-festival.dk/da/years/2023/acts/big-freedia/,US,Big Freedia,TBA,Lørdag 1. juli 2023,https://www.instagram.com/bigfreedia/,https://open.spotify.com/artist/2gyv1akuIB9fQvXoGSPaJr?si=257043ae9ffd4da9
https://www.roskilde-festival.dk/da/years/2023/acts/charlotte-adig%C3%A9ry-bolis-pupul/,BE,Charlotte Adigéry & Bolis Pupul,TBA,Lørdag 1. juli 2023,http://instagram.com/adigerwww,https://open.spotify.com/artist/0h1gX589xBKUCijeC8Bewy?si=f9eCgUqQSv-wSBh-1uSgiQ
https://www.roskilde-festival.dk/da/years/2023/acts/lock-up/,UK,Lock Up,Avalon,Lørdag 1. juli 2023,https://www.instagram.com/lockup666official/,https://open.spotify.com/artist/0AKZrsOYW77C7QW1jzdhNX?si=n2a66vraQFyYHNJLjQj4PA
https://www.roskilde-festival.dk/da/years/2023/acts/tinariwen/,ML,Tinariwen,Orange,Lørdag 1. juli 2023,https://www.instagram.com/tinariwen/,https://open.spotify.com/artist/2sf2owtFSCvz2MLfxmNdkb?si=kRwkmudqT0eiJqAjRM84DQ
https://www.roskilde-festival.dk/da/years/2023/acts/uncle-waffles/,,Uncle Waffles,Apollo,Lørdag 1. juli 2023,https://www.instagram.com/unclewaffles_/,https://open.spotify.com/artist/68McnNC9twEtiynOAJRRgZ?si=e5nwLixbSMqm6P_81UC-Wg
https://www.roskilde-festival.dk/da/years/2023/acts/weyes-blood/,US,Weyes Blood,Avalon,Lørdag 1. juli 2023,https://www.instagram.com/weyesblood/,https://open.spotify.com/artist/3Uqu1mEdkUJxPe7s31n1M9
https://www.roskilde-festival.dk/da/years/2023/acts/ad%C3%A9d%C3%A8j%C3%AC/,NG,Adédèjì,Avalon,Lørdag 1. juli 2023,https://www.instagram.com/roskildefestival/,https://open.spotify.com/artist/0oMrlKaHe7umhMhnx3NIP6?si=E-MnJD2kSsWmP-L9YJ8W1w
https://www.roskilde-festival.dk/da/years/2023/acts/afskum/,,Afskum,TBA,Lørdag 1. juli 2023,https://www.instagram.com/afskumerfarlig/,https://open.spotify.com/playlist/5W0vbpdNlcuIw2N1S5Cr8C
https://www.roskilde-festival.dk/da/years/2023/acts/clarissa-connellys-canons/,DK,Clarissa Connelly'S Canons,Platform,Torsdag 29. juni 2023,https://www.instagram.com/clarissa.connelly/,https://open.spotify.com/artist/5YTJVNTfb9qDXATTlzuR5S?si=pIzOLU4FSJGIGka0s8yFCg
https://www.roskilde-festival.dk/da/years/2023/acts/deaf-club/,US,Deaf Club,Gloria,Lørdag 1. juli 2023,https://www.instagram.com/deafclubband/,https://open.spotify.com/artist/1GHsH4VNAKT2b7lBnppmFx?si=K_1spsQLR3y56os7hvmAXw
https://www.roskilde-festival.dk/da/years/2023/acts/domi-jd-beck/,FR/US,Domi & Jd Beck,TBA,Lørdag 1. juli 2023,https://www.instagram.com/domiandjdbeck/,https://open.spotify.com/artist/4UpA1KitN1RgIZVyWDbZ0U?si=ufSzVDPWTXSet1SgvIk9Vg
https://www.roskilde-festival.dk/da/years/2023/acts/first-hate/,DK,First Hate,TBA,Lørdag 1. juli 2023,https://instagram.com/first__hate,https://open.spotify.com/artist/5HOnVNfQ1FvMzZN2NEuNhP?si=_XOFYiNrTcizvTgla8Bjxg
https://www.roskilde-festival.dk/da/years/2023/acts/fulu-miziki/,CD,Fulu Miziki,TBA,Lørdag 1. juli 2023,https://www.instagram.com/fulumusic/,https://open.spotify.com/artist/5YpOlimBuGWDamh62kx4cu
https://www.roskilde-festival.dk/da/years/2023/acts/girls-in-airports/,DK,Girls In Airports,TBA,Lørdag 1. juli 2023,https://www.instagram.com/girlsinairports/,https://open.spotify.com/artist/6rmNdcuNwzokE2TQaI0ubr?si=t3IpfyNwSRu6EQCUneTEzQ
https://www.roskilde-festival.dk/da/years/2023/acts/grace-ives/,US,Grace Ives,TBA,Lørdag 1. juli 2023,https://www.instagram.com/graceives4u/,https://open.spotify.com/artist/4TZieE5978SbTInJswaay2?si=3oZWDg_XTIaTCHGACsrfSw
https://www.roskilde-festival.dk/da/years/2023/acts/kassi-valazza/,US,Kassi Valazza,Gloria,Lørdag 1. juli 2023,https://www.instagram.com/kassivalazza/,https://open.spotify.com/artist/4qIi20XYGNXcVvCzBZFumH?autoplay=true
https://www.roskilde-festival.dk/da/years/2023/acts/king-kami/,BR,King Kami,Apollo,"21:45 Lørdag 1. juli 2023",https://www.instagram.com/kiingkamii/?hl=en,https://open.spotify.com/artist/4Euz6vlPoujB4l6IUpJkdn?si=V_TIsd26QfCFW7f4nVrAYw
https://www.roskilde-festival.dk/da/years/2023/acts/liniker/,BR,Liniker,Avalon,Lørdag 1. juli 2023,https://www.instagram.com/linikeroficial/,https://open.spotify.com/artist/2O6q06oNcmOIPg1qidSU3C?si=kwWj7Az3SO-QN1DuH0ZMIw
https://www.roskilde-festival.dk/da/years/2023/acts/lucrecia-dalt/,CO,Lucrecia Dalt,Gloria,Lørdag 1. juli 2023,https://www.instagram.com/lucreciadalt/,https://open.spotify.com/artist/4LC4vkseYrSEDd6MjZvOO9?si=Lp2CM80cQe6fNp8mDJ-spA
https://www.roskilde-festival.dk/da/years/2023/acts/lyra-valenza/,,Lyra Valenza,Platform,Lørdag 1. juli 2023,https://www.instagram.com/lyraval_insta/?fbclid=IwAR2FeMwrS1qTFCruBosnWLnTnD594w0KHpgys-EoZZOdW8j0xj230sFTpNM,https://open.spotify.com/artist/34VlLtL7bIjD8JT48R3eJB?si=dxKK3keNRT-KCoqe4H35HA
https://www.roskilde-festival.dk/da/years/2023/acts/militarie-gun/,US,Militarie Gun,TBA,Lørdag 1. juli 2023,https://www.instagram.com/MILITARIEGUN,https://open.spotify.com/artist/4us4NMG5wuqdUZvthZrj0Q?si=vPCuQBceQhO7jvhFx06Nqg
https://www.roskilde-festival.dk/da/years/2023/acts/pankisi-ensemble/,,Pankisi Ensemble,Gloria,Lørdag 1. juli 2023,https://www.instagram.com/ensemble_pankisi/,https://open.spotify.com/artist/79JiwHfJKVfomH1O3UwC3C?si=3_w46rs4SJqT8hAqwAWFBQ
https://www.roskilde-festival.dk/da/years/2023/acts/perturbator/,FR,Perturbator,Apollo,Lørdag 1. juli 2023,https://www.instagram.com/perturbatormusic/,https://open.spotify.com/artist/244uLu9lkdw39BJwlul3k8?si=KIjHw2j-SzOUI_DTC3mrVg
https://www.roskilde-festival.dk/da/years/2023/acts/phelimuncasi/,ZA,Phelimuncasi,Gloria,Lørdag 1. juli 2023,https://www.instagram.com/realphelimuncasi/,https://open.spotify.com/artist/6efWsNfg9E1PSj46UWcxOx?si=y8fvIifRQcysfUEsS-Y2PA
https://www.roskilde-festival.dk/da/years/2023/acts/saint-clara/,DK,Saint Clara,Arena,Lørdag 1. juli 2023,https://www.instagram.com/saint_clara/,https://open.spotify.com/artist/7c1rIwBQdZMoJD4VE9luoS?si=3xUDNDYbRSC1hFEZufY2NQ
https://www.roskilde-festival.dk/da/years/2023/acts/siamese/,DK,Siamese,Avalon,Lørdag 1. juli 2023,https://www.instagram.com/siamese_band,https://open.spotify.com/artist/0Hx4gv3eoiodtu6XYHF1X0?si=s2NPDz7hS32E&nd=1
https://www.roskilde-festival.dk/da/years/2023/acts/sofie-birch/,,Sofie Birch,Platform,Lørdag 1. juli 2023,https://www.instagram.com/sofiebirchxix/,https://open.spotify.com/artist/6kEyGr2dFnzcKGxpHmnJnn?si=zBFSPygySROEXu5Psra3ig
https://www.roskilde-festival.dk/da/years/2023/acts/sorry/,UK,Sorry,Gloria,Lørdag 1. juli 2023,https://www.instagram.com/sorrybanduk/,https://open.spotify.com/artist/5eUda4BaWhUQWWJiP1ml5v?si=ct-EnbIsQuek3iOmUuqTRA
https://www.roskilde-festival.dk/da/years/2023/acts/temp-illusion/,IR,Temp-Illusion,Gloria,Lørdag 1. juli 2023,https://www.instagram.com/temp_illusion/,https://open.spotify.com/artist/3N5AoyMmO9exmmlvdhWAWr?si=VS9Rt1XHRP6kF7Vwqj0QLA
https://www.roskilde-festival.dk/da/years/2023/acts/tootard/,INT,Tootard,TBA,Lørdag 1. juli 2023,https://www.instagram.com/tootard/,https://open.spotify.com/artist/7nSWA1659h0Vb1EyjJdSFV?si=PECZYCplS1uCw5PKf-nr_A
https://www.roskilde-festival.dk/da/years/2023/acts/txc/,ZA,Txc,Apollo,Lørdag 1. juli 2023,https://www.instagram.com/____.txc.____/,https://open.spotify.com/artist/25j9xL1MTyuycuB2xy2Q9g?si=rF7VB3H9RbuL27syP4Rf3w
https://www.roskilde-festival.dk/da/years/2023/acts/wargasm/,UK,Wargasm,Avalon,Lørdag 1. juli 2023,https://www.instagram.com/thisiswargasmuk/,https://open.spotify.com/artist/1NRudBLaT84LXxfsYdFMhB?si=DSlo0XsZSbeDlEgZkSeeig
https://www.roskilde-festival.dk/da/years/2023/acts/witch-club-satan/,NO,Witch Club Satan,Gloria,Lørdag 1. juli 2023,https://www.instagram.com/witchclubsatan,https://open.spotify.com/artist/395rqoVSDgQIF7fzRfZIoy?si=DnP4wVZfTCK7EGA4KSkGWQ&nd=1
https://www.roskilde-festival.dk/da/years/2023/acts/agnes-hartwich/,DK,Agnes Hartwich,TBA,Søndag 25. juni 2023,https://www.instagram.com/agneshartwich/?hl=da,https://open.spotify.com/artist/5dannHlHirCopWH6vT2DpX?si=ZktaXKJeQxesi90mJzbLEQ
https://www.roskilde-festival.dk/da/years/2023/acts/angstskrig/,DK,Angstskrig,TBA,Mandag 26. juni 2023,https://www.instagram.com/angstskrigofficial/,https://open.spotify.com/artist/6iNPyVa4pnZANbl6umJNUb?si=pFLXIK6pScuIvmsBW2vlzQ
https://www.roskilde-festival.dk/da/years/2023/acts/aperly-high/,DK,Aperly High,TBA,Mandag 26. juni 2023,https://www.instagram.com/aperlyhigh/,https://open.spotify.com/artist/6epKo2ka9bTo3E1AaHEq5o?si=bsC4laTPT8GASM8yxArkIQ
https://www.roskilde-festival.dk/da/years/2023/acts/ash-olsen/,,Ash Olsen,TBA,Mandag 26. juni 2023,https://www.instagram.com/asholsen/,https://open.spotify.com/artist/0ttXrMwLh27nHwox4z8BYx?si=I-orpp30SiaqXg1Jz6Ur-g
https://www.roskilde-festival.dk/da/years/2023/acts/august-h%C3%B8yen/,DK,August Høyen,TBA,Tirsdag 27. juni 2023,https://www.instagram.com/augusthoeyen/,https://open.spotify.com/artist/3nvGdNkcrq1IYHgJBw28Nm?si=sAvALVmsR1C54qK4mX1qwg
https://www.roskilde-festival.dk/da/years/2023/acts/baloosh/,,Baloosh,TBA,Søndag 25. juni 2023,https://www.instagram.com/its_baloosh/,https://open.spotify.com/artist/5IpqfN8Pqjy89nj1IfuOXC?si=Xr9N6dOfQum7SUXWq-T2CQ
https://www.roskilde-festival.dk/da/years/2023/acts/dejah-makar/,DK,Dejah Makar,TBA,Søndag 25. juni 2023,https://www.instagram.com/dejahmakar/,https://open.spotify.com/artist/2sCB44iih7Oa1kQqfsedHz?si=fBrgfOJOTWOv3VN8E690wg
https://www.roskilde-festival.dk/da/years/2023/acts/deki-alem/,,Deki Alem,TBA,Tirsdag 27. juni 2023,https://www.instagram.com/dekialem/?hl=da,https://open.spotify.com/artist/2AK3F4tVjxYuqSGefozy52?si=xIaYHisoQ1GVyAianjF7Bw
https://www.roskilde-festival.dk/da/years/2023/acts/dibset/,DK,Dibset,TBA,Tirsdag 27. juni 2023,https://www.instagram.com/dibset.1/?hl=da,https://open.spotify.com/artist/4g53FCcxQZEj8SSr1rHmiH?si=fR5QCmPeQQSYSvr9CwWToA
https://www.roskilde-festival.dk/da/years/2023/acts/evil-house-party/,,Evil House Party,TBA,Tirsdag 27. juni 2023,https://www.instagram.com/evilhouseparty/,https://open.spotify.com/artist/4dcXQW2aINb1lAMHKQa2hB?si=1p-ZlL0TTTiiHql-vbPcDA
https://www.roskilde-festival.dk/da/years/2023/acts/excelsior/,,Excelsior,TBA,Tirsdag 27. juni 2023,https://www.instagram.com/excelsior_xx/,https://open.spotify.com/artist/4GcbIiUaMp2b0F8gIIOuEc?si=vvKeIOT3SzOgPpeWkBSBsQ
https://www.roskilde-festival.dk/da/years/2023/acts/feather-mountain/,,Feather Mountain,TBA,Søndag 25. juni 2023,https://www.instagram.com/feather_mountain/,https://open.spotify.com/artist/7pKvxNJ2IsDMlgc1gmzcky?si=sQ6ux9z3ScKcIRtS60YDnQ
https://www.roskilde-festival.dk/da/years/2023/acts/giift/,,Giift,TBA,Søndag 25. juni 2023,https://www.instagram.com/giift1x/?hl=en,https://open.spotify.com/artist/2uRyCr2a4iM7uEaz4oQE3p?si=0ysdCWSESw2WXMlHzy94oQ
https://www.roskilde-festival.dk/da/years/2023/acts/girl-scout/,SE,Girl Scout,TBA,Tirsdag 27. juni 2023,https://www.instagram.com/girlscouttheband/,https://open.spotify.com/artist/4CbghtwTo6bvxk5QacvRrE?si=KEgeHA1QTIGsdKOVB6lPWw
https://www.roskilde-festival.dk/da/years/2023/acts/gorgeous/,DK,Gorgeous,TBA,Søndag 25. juni 2023,https://www.instagram.com/gorgeousmusik/,https://open.spotify.com/artist/6C0TMfW4C2qCYxMkktQLXd?si=QidSvKmYTci1NxSbXhYBBA
https://www.roskilde-festival.dk/da/years/2023/acts/heathe/,,Heathe,TBA,Søndag 25. juni 2023,https://www.instagram.com/heatheheathe/?fbclid=IwAR0ZlpqCNfPeoipdmWg3s_ozcO0hjav6_12IQiQNup89qAUKDQS7oDMd97A,https://open.spotify.com/artist/5My1yNpCjzvqlNj18PDg1c?si=sOA2PTtJTb-IwVlCIDm4hw
https://www.roskilde-festival.dk/da/years/2023/acts/ida-laurberg/,,Ida Laurberg,TBA,Søndag 25. juni 2023,https://www.instagram.com/idalaurberg/,https://open.spotify.com/artist/03IbEiokQjTDfvdyIYV5D4?si=GtJfC-dFS4Gh5VHEJVQjdg
https://www.roskilde-festival.dk/da/years/2023/acts/kalaset/,,Kalaset,TBA,Tirsdag 27. juni 2023,https://www.instagram.com/k.kalaset/?fbclid=IwAR0Db1FAvT8dtdDySHnieeaNnqiqgPG_sZtuipIHJ4ez7gXinTWybDVTDNA,https://open.spotify.com/artist/2Wqxw6V3d9ZzAf32jTjwW7?si=iOOGj_oqSsmGBb0tObbhtg
https://www.roskilde-festival.dk/da/years/2023/acts/kind-mod-kind/,,Kind Mod Kind,TBA,Søndag 25. juni 2023,https://www.instagram.com/kindmodkind/,https://open.spotify.com/artist/0cc3y7owJCbx8MuYJZI6As?si=0plsGPe_Tuy8wFcLAywBdw
https://www.roskilde-festival.dk/da/years/2023/acts/kindsight/,,Kindsight,TBA,Mandag 26. juni 2023,https://www.instagram.com/kindsight.kindsight,https://open.spotify.com/artist/69INXmdJGXIPAZQuThqRjw?si=B-U2SLrmT1mCY4FzmplO1A
https://www.roskilde-festival.dk/da/years/2023/acts/kleo/,DK,Kleo,TBA,Søndag 25. juni 2023,https://www.instagram.com/kleoleia/,https://open.spotify.com/artist/5Kur13kkU4pOoNFAE8K0YF?si=nk35DZAeTwqZnTB8ljC_sg
https://www.roskilde-festival.dk/da/years/2023/acts/kundo/,,Kundo,TBA,Tirsdag 27. juni 2023,https://www.instagram.com/1waykundo/,https://open.spotify.com/artist/2GGL93jyTZ4X7uidHSJhIr?si=uyXCQK7KSlugFGu1mcIdEw
https://www.roskilde-festival.dk/da/years/2023/acts/mas/,,Mas,TBA,Mandag 26. juni 2023,https://instagram.com/,https://open.spotify.com/artist/3Tg0bQKDqc4ONwmKywDq72?si=QcymDM16T4SV1c7Py4Y4PA
https://www.roskilde-festival.dk/da/years/2023/acts/merro8/,DK,Merro8,TBA,Tirsdag 27. juni 2023,https://www.instagram.com/merro8__/,https://open.spotify.com/artist/5LcNaarbF34TMSkVLE7YQc?si=-xwaq9a6RvWOuyQ8MX_E9w
https://www.roskilde-festival.dk/da/years/2023/acts/nakkeknaekker/,DK,Nakkeknaekker,TBA,Mandag 26. juni 2023,https://www.instagram.com/nakkeknaekker/,https://open.spotify.com/playlist/5W0vbpdNlcuIw2N1S5Cr8C
https://www.roskilde-festival.dk/da/years/2023/acts/namasenda/,SE,Namasenda,TBA,Tirsdag 27. juni 2023,https://www.instagram.com/usleemil/?hl=da,https://open.spotify.com/artist/13wADF4gMaMun7o6VzOzZp
https://www.roskilde-festival.dk/da/years/2023/acts/nausia/,,Nausia,TBA,Mandag 26. juni 2023,https://www.instagram.com/nausia_official/,https://open.spotify.com/artist/163o4DEcZVOmeIhbIlNjXr?si=fXKUyni2Tzq_vcsU_68oPg
https://www.roskilde-festival.dk/da/years/2023/acts/neon-priest/,,Neon Priest,TBA,Søndag 25. juni 2023,https://www.instagram.com/neonpriest/,https://open.spotify.com/artist/2ABpmoGVflrSQ8thdBjyrU?si=w3RjYdngSiaJfG5ygMkdSg
https://www.roskilde-festival.dk/da/years/2023/acts/pil/,,Pil,TBA,Mandag 26. juni 2023,https://www.instagram.com/pillowich/,https://open.spotify.com/artist/3vSX14E4YqHrx8nyXeOVen?si=iEXx6FewSVahHOT6CtqkdA
https://www.roskilde-festival.dk/da/years/2023/acts/pleaser/,,Pleaser,TBA,Mandag 26. juni 2023,https://www.instagram.com/pleasercph/,https://open.spotify.com/artist/402XZzUu3B8SejOeEGFYqi?si=7hSkKMsOQpC-PCOC-rB2Zg
https://www.roskilde-festival.dk/da/years/2023/acts/selina-gin/,DK,Selina Gin,TBA,Mandag 26. juni 2023,https://www.instagram.com/selinagin/,https://open.spotify.com/artist/5gghGLi5wwcWOeDIgnuVoo?si=MuTSUHcIR4ud27qv7dky8Q
https://www.roskilde-festival.dk/da/years/2023/acts/situationsforn%C3%A6rmelse/,DK,Situationsfornærmelse,TBA,Tirsdag 27. juni 2023,https://www.instagram.com/situationsfornaermelse/?hl=da,https://open.spotify.com/artist/6ndFd1sXXoVHSOZmOscjCl?si=QdWczM01QxiG1Zc_uC1Mlg
https://www.roskilde-festival.dk/da/years/2023/acts/sonic-girl/,,Sonic Girl,TBA,Søndag 25. juni 2023,https://www.instagram.com/sonicgirl_world/,https://open.spotify.com/artist/31vO4IuGYTlzTeEPIVw8TR?si=7svqwuKESZqdiPqHxw5SKg
https://www.roskilde-festival.dk/da/years/2023/acts/stundom/,,Stundom,TBA,Søndag 25. juni 2023,https://www.instagram.com/stundommusic,https://open.spotify.com/artist/4Cp4SR2SzIHbNvC25Zxk2b?si=3Kfv97UXQV-zb4TdC09_OA
https://www.roskilde-festival.dk/da/years/2023/acts/sulka/,,Sulka,TBA,Tirsdag 27. juni 2023,https://www.instagram.com/_sulka/,https://open.spotify.com/artist/467BSFPrqZP3HT6dXzsBqv?si=ozFBw44tQvKljlIQX4RJ7g
https://www.roskilde-festival.dk/da/years/2023/acts/tacobitch/,NO,Tacobitch,TBA,Tirsdag 27. juni 2023,https://www.instagram.com/tacobitchcollective/?hl=da,https://open.spotify.com/artist/4f01Fmn2QMGILvDutjQqoV?si=JWc0jB4FRr6P2eblczWKSw
https://www.roskilde-festival.dk/da/years/2023/acts/tarick/,,Tarick,TBA,Mandag 26. juni 2023,https://www.instagram.com/tarickcph_official/,https://open.spotify.com/artist/5okfcG5ILSySJxqMiaRwmH?si=4sO3ieYMQrK7omwT-fILPQ
https://www.roskilde-festival.dk/da/years/2023/acts/tarrak/,GL,Tarrak,TBA,Mandag 26. juni 2023,https://www.instagram.com/joseftarrak/,https://open.spotify.com/artist/3FTKo3aheAF0aAxbJWyiP8?si=ohT_YGulQSS2Z0HH0G8o1Q
https://www.roskilde-festival.dk/da/years/2023/acts/tender-youth/,,Tender Youth,TBA,Tirsdag 27. juni 2023,https://www.instagram.com/tender.youth/,https://open.spotify.com/artist/6WVXw9VBHTxHbtKoiMhKo2?si=m-_6bWFKTjmAm4kmU9mt5w
https://www.roskilde-festival.dk/da/years/2023/acts/tuhaf/,,Tuhaf,TBA,Søndag 25. juni 2023,https://www.instagram.com/tuhafcph/,https://open.spotify.com/artist/2kuLzZQ9YqwrjVCxjV1ZuB?si=ZzIlL0A0SGCG19N1ewNf5w
https://www.roskilde-festival.dk/da/years/2023/acts/undergrunn/,NO,Undergrunn,TBA,Tirsdag 27. juni 2023,https://www.instagram.com/undergrunnklikk/,https://open.spotify.com/artist/1LyYIhqdjG9R9VdIRSftBb?si=Eqt97yVeSrCflUWgXzAFTQ
https://www.roskilde-festival.dk/da/years/2023/acts/ussel/,,Ussel,TBA,Mandag 26. juni 2023,https://www.instagram.com/usleemil/,https://open.spotify.com/artist/13wADF4gMaMun7o6VzOzZp
https://www.roskilde-festival.dk/da/years/2023/acts/yukka/,,Yukka,TBA,Mandag 26. juni 2023,https://www.instagram.com/yukkamusik,https://open.spotify.com/artist/2SqekmqckunRaCzsYKQ8cY?si=TL6uyBuxROG-Y8PxVzNG9A
https://www.roskilde-festival.dk/da/years/2023/acts/zar-paulo/,,Zar Paulo,TBA,Tirsdag 27. juni 2023,https://www.instagram.com/zar_paulo/,https://open.spotify.com/artist/5Org3M2mFFEFd8A57h9Yv2?si=7ThL6LtHRQux8Ow3xT71eQ
https://www.roskilde-festival.dk/da/years/2023/acts/aches/,IE,Aches,Festival Site,Onsdag 28. juni 2023,https://www.instagram.com/achesdub/,
https://www.roskilde-festival.dk/da/years/2023/acts/alexalexandra-joensson/,DK,Alex/Alexandra Jönsson,Campsite,Lørdag 24. juni 2023,https://www.instagram.com/ajonssonstudio/,
https://www.roskilde-festival.dk/da/years/2023/acts/angel-wei-eliyah-mesayer-stine-victoria/,DK/INT,"Angel Wei, Eliyah Mesayer & Stine Victoria",Platform,Onsdag 28. juni 2023,https://www.instagram.com/roskildefestival/,
https://www.roskilde-festival.dk/da/years/2023/acts/aram-ostadian-binai-babak-vakili-liraz-melodi-ghazal/,DK,"Aram Ostadian-Binai, Babak Vakili, Liraz & Melodi Ghazal",Avalon,Torsdag 29. juni 2023,https://www.instagram.com/liraz_naz/?hl=da,
https://www.roskilde-festival.dk/da/years/2023/acts/artem/,,Artem,"Destroy Me Once, Destroy Me Twice",Lørdag 24. juni 2023,https://www.instagram.com/artem.kbh/,
https://www.roskilde-festival.dk/da/years/2023/acts/barbora-sur%C3%A1-kathrine-skibsted-mikkel-lind-sorgenfrey-sadaf-hayat/,DK/CZ,"Barbora Surá, Kathrine Skibsted, Mikkel Lind Sorgenfrey & Sadaf Hayat",Flokkr,Lørdag 24. juni 2023,https://www.instagram.com/mikkelbaby/?hl=da,
https://www.roskilde-festival.dk/da/years/2023/acts/betty-nansen/,DK,Betty Nansen,Platform,Onsdag 28. juni 2023,https://www.instagram.com/bettynansenteatret/,
https://www.roskilde-festival.dk/da/years/2023/acts/cern-niels-bohr-institutet/,DK/CH,Cern & Niels Bohr Institutet,Campsite,Lørdag 24. juni 2023,https://www.instagram.com/cern/,
https://www.roskilde-festival.dk/da/years/2023/acts/claudia-comte/,CH,Claudia Comte,Campsite,Lørdag 24. juni 2023,http://instagram.com/claudiacomte,
https://www.roskilde-festival.dk/da/years/2023/acts/daria-blum/,CH,Daria Blum,Platform,Onsdag 28. juni 2023,https://www.instagram.com/dariabl,
https://www.roskilde-festival.dk/da/years/2023/acts/de-som-baer/,DK,De Som Bär,"Destroy Me Once, Destroy Me Twice",Lørdag 24. juni 2023,https://www.instagram.com/roskildefestival/,
https://www.roskilde-festival.dk/da/years/2023/acts/den-gr%C3%B8nne-ungdomsbev%C3%A6gelse/,,Den Grønne Ungdomsbevægelse,Flokkr,Lørdag 24. juni 2023,https://www.instagram.com/dengroenneungdomsbevaegelse/?hl=da,
https://www.roskilde-festival.dk/da/years/2023/acts/felix-thorsen-katzenelson-glenn-bech-gry-stokkendahl-dalgas/,DK,"Felix Thorsen Katzenelson, Glenn Bech & Gry Stokkendahl Dalgas",Flokkr,Lørdag 24. juni 2023,https://www.instagram.com/felsefelse/?hl=da%E2%80%AF%E2%80%AF,
https://www.roskilde-festival.dk/da/years/2023/acts/final-planet/,DK,Final Planet,"Destroy Me Once, Destroy Me Twice",Lørdag 24. juni 2023,https://www.instagram.com/final.planet/,
https://www.roskilde-festival.dk/da/years/2023/acts/folkehuset-absalon/,,Folkehuset Absalon,"Destroy Me Once, Destroy Me Twice",Lørdag 24. juni 2023,https://www.instagram.com/absaloncph/,
https://www.roskilde-festival.dk/da/years/2023/acts/global-kidz-world-dance-academy/,DK,Global Kidz & World Dance Academy,"Destroy Me Once, Destroy Me Twice",Lørdag 24. juni 2023,https://www.instagram.com/roskildefestival/,
https://www.roskilde-festival.dk/da/years/2023/acts/havh%C3%B8st/,DK,Havhøst,Food Is Now,Onsdag 28. juni 2023,https://www.instagram.com/havhoest/,
https://www.roskilde-festival.dk/da/years/2023/acts/herlige-svend-jalal-arabi-lasse-dein-maria-b%C3%BClow/,,"Herlige Svend, Jalal Arabi, Lasse Dein & Maria Bülow",Flokkr,Lørdag 24. juni 2023,https://www.instagram.com/mariabuelow/?hl=da%E2%80%AF,
https://www.roskilde-festival.dk/da/years/2023/acts/jules-fischer-josefine-opsahl/,DK,Jules Fischer & Josefine Opsahl,Platform,Onsdag 28. juni 2023,https://www.instagram.com/roskildefestival/,
https://www.roskilde-festival.dk/da/years/2023/acts/katharina-grosse/,DE,Katharina Grosse,Campsite,Lørdag 24. juni 2023,https://www.instagram.com/katharina_grosse/,
https://www.roskilde-festival.dk/da/years/2023/acts/kinga-bartis/,RO,Kinga Bartis,Festival Site,Onsdag 28. juni 2023,https://www.instagram.com/kinga_bartis,
https://www.roskilde-festival.dk/da/years/2023/acts/lise-haller-baggesen/,DK,Lise Haller Baggesen,Festival Site,Onsdag 28. juni 2023,https://www.instagram.com/lisehallerbaggesen,
https://www.roskilde-festival.dk/da/years/2023/acts/maria-n%C3%B8rholm-ramouk/,DK/MA,Maria Nørholm Ramouk,Festival Site,Onsdag 28. juni 2023,https://www.instagram.com/maria.norholm.ramouk/,
https://www.roskilde-festival.dk/da/years/2023/acts/marikiscrycrycry/,UK/US,Marikiscrycrycry,Platform,Onsdag 28. juni 2023,https://www.instagram.com/marikiscrycrycry,
https://www.roskilde-festival.dk/da/years/2023/acts/matt-orlando/,US,Matt Orlando,Food Is Now,Onsdag 28. juni 2023,https://www.instagram.com/amassmo/,
https://www.roskilde-festival.dk/da/years/2023/acts/mellemfolkeligt-samvirke/,,Mellemfolkeligt Samvirke,Flokkr,Lørdag 24. juni 2023,https://www.instagram.com/roskildefestival/,
https://www.roskilde-festival.dk/da/years/2023/acts/ocean-lab/,DK,Ocean Lab,Food Is Now,Onsdag 28. juni 2023,https://www.instagram.com/oceanlab.nu/,
https://www.roskilde-festival.dk/da/years/2023/acts/oxfam-danmark/,DK,Oxfam Danmark,Flokkr,Lørdag 24. juni 2023,https://www.instagram.com/oxfamibis/,
https://www.roskilde-festival.dk/da/years/2023/acts/rapolitics/,DK,Rapolitics,Flokkr,Lørdag 24. juni 2023,https://www.instagram.com/rapolitics/,
https://www.roskilde-festival.dk/da/years/2023/acts/regitze-engelsborg-karlsen/,DK,Regitze Engelsborg Karlsen,Festival Site,Onsdag 28. juni 2023,https://www.instagram.com/regitze_engelsborg_karlsen/,
https://www.roskilde-festival.dk/da/years/2023/acts/resonerende-rum/,DK,Resonerende Rum,Platform,Onsdag 28. juni 2023,https://www.instagram.com/resonating_rooms/,
https://www.roskilde-festival.dk/da/years/2023/acts/sabitha-soederholm/,DK/INT,Sabitha Söderholm,Food Is Now,Onsdag 28. juni 2023,https://www.instagram.com/sabitha.soderholm/,
https://www.roskilde-festival.dk/da/years/2023/acts/snorre-elvin/,,Snorre Elvin,Platform,Onsdag 28. juni 2023,https://www.instagram.com/snorreeelvin/,
https://www.roskilde-festival.dk/da/years/2023/acts/s%C3%B3ley-ragnarsd%C3%B3ttir/,DK/IS,Sóley Ragnarsdóttir,Festival Site,Onsdag 28. juni 2023,https://www.instagram.com/soleygendary/,
https://www.roskilde-festival.dk/da/years/2023/acts/tore-hallas/,DK,Tore Hallas,Festival Site,Onsdag 28. juni 2023,https://www.instagram.com/torehallas/,
https://www.roskilde-festival.dk/da/years/2023/acts/trine-struwe/,DK,Trine Struwe,Festival Site,Onsdag 28. juni 2023,https://www.instagram.com/trinestruwe/,
https://www.roskilde-festival.dk/da/years/2023/acts/turning-tables-danmark/,DK,Turning Tables Danmark,Flokkr,Lørdag 24. juni 2023,https://www.instagram.com/turningtablesdanmark/,
