Kendrick Lamar,https://www.roskilde-festival.dk/da/years/2023/acts/kendrick-lamar/,US,Orange,22:00 Onsdag 28. juni 2023,https://www.instagram.com/kendricklamar/,https://open.spotify.com/artist/2YZyLoL8N0Wb9xBt1NhZWg,En af vor tids vigtigste rappere vender endelig tilbage til Orange Scene!
Queens Of The Stone Age,https://www.roskilde-festival.dk/da/years/2023/acts/queens-of-the-stone-age/,US,Arena,00:15 Onsdag 28. juni 2023,https://www.instagram.com/queensofthestoneage,https://open.spotify.com/artist/4pejUc4iciQfgdX6OKulQn,Josh Hommes ørkenrock-mastodonter er tilbage med nyt materiale.
Blæst,https://www.roskilde-festival.dk/da/years/2023/acts/bl%C3%A6st/,DK,Orange,18:30 Onsdag 28. juni 2023,https://www.instagram.com/blaestband/,https://open.spotify.com/artist/3elCsuJ1JjDeAd8mjlRRX5?si=qGDAPPyfR02rLOQTn7g-0g,En brusende sommervind af forelsket dansk popmusik åbner Orange Scene 
Kendrick Lamar,https://www.roskilde-festival.dk/da/years/2023/acts/kendrick-lamar/,US,Orange,22:00 Onsdag 28. juni 2023,https://www.instagram.com/kendricklamar/,https://open.spotify.com/artist/2YZyLoL8N0Wb9xBt1NhZWg,En af vor tids vigtigste rappere vender endelig tilbage til Orange Scene!
Queens Of The Stone Age,https://www.roskilde-festival.dk/da/years/2023/acts/queens-of-the-stone-age/,US,Arena,00:15 Onsdag 28. juni 2023,https://www.instagram.com/queensofthestoneage,https://open.spotify.com/artist/4pejUc4iciQfgdX6OKulQn,Josh Hommes ørkenrock-mastodonter er tilbage med nyt materiale.
Blæst,https://www.roskilde-festival.dk/da/years/2023/acts/bl%C3%A6st/,DK,Orange,18:30 Onsdag 28. juni 2023,https://www.instagram.com/blaestband/,https://open.spotify.com/artist/3elCsuJ1JjDeAd8mjlRRX5?si=qGDAPPyfR02rLOQTn7g-0g,En brusende sommervind af forelsket dansk popmusik åbner Orange Scene 
Fever Ray,https://www.roskilde-festival.dk/da/years/2023/acts/fever-ray/,SE,Arena,18:00 Onsdag 28. juni 2023,https://www.instagram.com/feverray/,https://open.spotify.com/artist/5hE6NCoobhyEu6TRSbjOJY?si=7MONiDTWQUuQN_Iw76KiXA,Fever Ray skubber atter til grænserne for poppen med sin radikale romantik
Lorna Shore,https://www.roskilde-festival.dk/da/years/2023/acts/lorna-shore/,US,Avalon,21:30 Onsdag 28. juni 2023,https://www.instagram.com/lornashore/?hl=da,https://open.spotify.com/artist/6vXYoy8ouRVib302zxaxFF?si=ZZ_5FJK6QKetqBUGskj7hA,Amerikansk deathcore-band leverer teknisk ekvilibrisme og et intenst sceneshow.
Rema,https://www.roskilde-festival.dk/da/years/2023/acts/rema/,NG,Arena,21:00 Onsdag 28. juni 2023,https://www.instagram.com/heisrema/,https://open.spotify.com/artist/46pWGuE3dSwY3bMMXGBvVS?si=ML0yJPlXRPqx4iBH4W4NCw,Den unge nigerianske stjerne bringer sine afro-rave-sange til Roskilde
Villano Antillano,https://www.roskilde-festival.dk/da/years/2023/acts/villano-antillano/,PR,Eos,19:00 Onsdag 28. juni 2023,https://www.instagram.com/villanoantillano/,https://open.spotify.com/artist/1pi7nGhOM7PTHR5YEgXVGq?autoplay=true,Den transkønnede rapper skaber revolution på den latinamerikanske musikscene
Abji_Hypersun Feat. Moraya,https://www.roskilde-festival.dk/da/years/2023/acts/abji_hypersun-feat-moraya/,DK,Platform,00:15 Onsdag 28. juni 2023,https://www.instagram.com/abji_hypersun/,https://open.spotify.com/artist/5t15kyeJJYD6BnJ6s8J1Rt?si=G6CO5FOoS460YUUNBfSy-A,"En drømmende, teatralsk og radikal performance dedikeret til modstandens ånd "
Armand Hammer,https://www.roskilde-festival.dk/da/years/2023/acts/armand-hammer/,US,Eos,20:45 Onsdag 28. juni 2023,https://www.instagram.com/armandhammernyc/,https://open.spotify.com/artist/3SCI7sXHUZIeDKMWC5NT9C?si=YZR2UxnVRQe7b4wxrqpWxw,Innovativ New Yorker-duo byder på ætsende og politisk rap
August Rosenbaum,https://www.roskilde-festival.dk/da/years/2023/acts/august-rosenbaum/,,Gloria,21:30 Onsdag 28. juni 2023,https://www.instagram.com/augustrosenbaum_/?hl=en,https://open.spotify.com/artist/60jACvCiMkGWezYS8VZXQ4?si=qixV9XicTsivCeFs0c0haQ,Ambitiøs musikalsk ener på sjælfuldt popeventyr  
Bala Desejo,https://www.roskilde-festival.dk/da/years/2023/acts/bala-desejo/,BR,Gaia,21:00 Onsdag 28. juni 2023,https://www.instagram.com/baladesejo/,https://open.spotify.com/artist/4MF1QlpuvKRIfkmfOA4DrH?si=BtZhv8CwSC6cCsQ95hmvlQ,Ung Rio de Janeiro-kvartet viser nye veje for tropicália.
Benny Jamz,https://www.roskilde-festival.dk/da/years/2023/acts/benny-jamz/,DK,Eos,17:15 Onsdag 28. juni 2023,https://www.instagram.com/bennyjamzlive/,https://open.spotify.com/artist/2eBqkaIfoNsOPCQCQEy5fD?si=sqKet_thTq2qS0TNhG9Q8w,Rapperen fra B.O.C-kollektivet indtager Roskilde med sit skæve sproglige univers
Big Joanie,https://www.roskilde-festival.dk/da/years/2023/acts/big-joanie/,UK,Gaia,19:15 Onsdag 28. juni 2023,https://www.instagram.com/bigjoanieband/,https://open.spotify.com/artist/39cxr26gqrCiUgIkz4lA8j?si=1fuDQ9qdSKmR_W0fba1a8Q,"Sort, feministisk punk med plads til både synths og soul "
Biig Piig,https://www.roskilde-festival.dk/da/years/2023/acts/biig-piig/,IE,Eos,23:15 Onsdag 28. juni 2023,https://www.instagram.com/biig_piig/,https://open.spotify.com/artist/4GoD5FJCgC0lbzde7ly44M,"Soul, pop og hiphop i sensuel og solbeskinnet blanding "
Billy Woods,https://www.roskilde-festival.dk/da/years/2023/acts/billy-woods/,US,Eos,21:30 Onsdag 28. juni 2023,https://www.instagram.com/roskildefestival/,https://open.spotify.com/artist/39vtb2iiz3079nqfL5nfFc?si=Aswh_AieQFakmAqRsnELDg,"Solo-optræden fra den eksperimenterende rapper, der også optræder med Armand Hammer"
Brimheim,https://www.roskilde-festival.dk/da/years/2023/acts/brimheim/,DK,Avalon,23:30 Onsdag 28. juni 2023,https://www.instagram.com/brimheim/,https://open.spotify.com/artist/2ROf9t2bzHTnVuf8btRd5J?si=1yO9QDIrSz6UAP4HpKPXwg,Med nyt album under opsejling indtager den hudløse indie-sangerinde Roskilde
Chat Pile,https://www.roskilde-festival.dk/da/years/2023/acts/chat-pile/,,Gloria,19:30 Onsdag 28. juni 2023,https://www.instagram.com/chatpileband/,https://open.spotify.com/artist/4yRSUmhuSJ3KcIMljdh4fH?si=NLbv-YnmS1evdPzB_uZksA,Ætsende civilisationskritik badet i blodig støjrock og knusende sludge 
Debbie Sings,https://www.roskilde-festival.dk/da/years/2023/acts/debbie-sings/,DK,Apollo,22:00 Onsdag 28. juni 2023,https://www.instagram.com/xxdebbie_singsxx/,https://open.spotify.com/artist/5xrpKIIiDNRsPVOi0nYlkW?si=nA21diZPQMOVmq1yn1sZqg,En maksimalistisk eksplosion af hyperpop og punket attitude.
Ivorian Doll,https://www.roskilde-festival.dk/da/years/2023/acts/ivorian-doll/,UK,Apollo,20:00 Onsdag 28. juni 2023,https://www.instagram.com/ivoriandoll/,https://open.spotify.com/artist/5zWJtrglcTFohMajO2qrgd?si=V1EfUlkvSBWml190u-Goow,Selvudnævnt Queen of Drill indtager Roskilde 
Jake Blount,https://www.roskilde-festival.dk/da/years/2023/acts/jake-blount/,US,Gloria,17:30 Onsdag 28. juni 2023,https://www.instagram.com/jake.m.blount/,https://open.spotify.com/artist/63yfJDmaBbifNzvWUUdpv1?si=WGY-g-RkTV-lvLY53zHBaA,Afrofuturistisk og queer blik på amerikansk folkemusiktradition 
Kuunatic,https://www.roskilde-festival.dk/da/years/2023/acts/kuunatic/,JP,Platform,21:15 Onsdag 28. juni 2023,https://www.instagram.com/kuunatic/,https://open.spotify.com/artist/5uZn75Nrcnvzl4tkgPQlEB?si=_SsxjVb-SWS-rad4ESHSyA,Et kosmisk ægteskab mellem japansk psychedelia og tribale rytmer fra en fremmed planet
Minyo Crusaders,https://www.roskilde-festival.dk/da/years/2023/acts/minyo-crusaders/,JP,Avalon,19:30 Onsdag 28. juni 2023,https://www.instagram.com/minyocrusaders/,https://open.spotify.com/artist/1zpJ58qKOgKcWge9iaFxHG?si=WRWt5RdtSl-kfPedDCRaig,Gamle japanske arbejdersange i spraglede musikalske klæder 
Phloem,https://www.roskilde-festival.dk/da/years/2023/acts/phloem/,,Apollo,19:00 Onsdag 28. juni 2023,https://www.instagram.com/__phloem__/,https://open.spotify.com/playlist/5W0vbpdNlcuIw2N1S5Cr8C,Fra mellow sommerstemning til hård dansefest med DJ-sæt fra Phloem 
Piri,https://www.roskilde-festival.dk/da/years/2023/acts/piri/,UK,Apollo,00:00 Onsdag 28. juni 2023,https://www.instagram.com/piri.io_/,https://open.spotify.com/artist/4DpmPt7gfAAq7WEx0E1X8s?si=Ge8sDRFwT9qf-J6c9Cw5dg,Engelsk sanger bringer drum’n’bass-musikken ind i fremtiden 
Scowl,https://www.roskilde-festival.dk/da/years/2023/acts/scowl/,US,Gaia,17:30 Onsdag 28. juni 2023,https://www.instagram.com/scowl40831/,https://open.spotify.com/artist/6hW33nVHPElaXuG2hQ0QOp?si=zQqApDN7TLm1Znpkox0n_Q,"Eksplosiv californisk hardcore med plads til støj, skrig og stærke melodier"
Sisso & Maiko + Rehema & Asher Tajiri,https://www.roskilde-festival.dk/da/years/2023/acts/sisso-maiko-plus-rehema-asher-tajiri/,TZ,Gloria,23:30 Onsdag 28. juni 2023,https://www.instagram.com/rehematajiriofficial/,https://open.spotify.com/album/5Hzxd5QnTg3dSovyTXv6F5?si=ndrwJrAWQUGNBmXMRgsq0g,"Dar Es Salaams punkede og hurtige elektroniske dansemusik, singeli, sætter gang i kroppen "
Son Rompe Pera,https://www.roskilde-festival.dk/da/years/2023/acts/son-rompe-pera/,MX,Gaia,00:30 Onsdag 28. juni 2023,https://www.instagram.com/sonrompepera/,https://open.spotify.com/artist/0UKHKimjIGeFoS29LxWf4V?si=8cVHUSyWQnyYL2Nc0pRrnQ,Mexicansk kvintet sætter gang i moshpit med cumbia og marimba-punk 
Lil Nas X,https://www.roskilde-festival.dk/da/years/2023/acts/lil-nas-x/,US,Orange,22:15 Torsdag 29. juni 2023,https://www.instagram.com/lilnasx/,https://open.spotify.com/artist/7jVv8c5Fj3E9VhNjxT4snq?si=nuPTK6cgT2yQe5nkyJf_ww,Queer-ikon og stjernerapper skubber fortsat til grænserne
Burna Boy,https://www.roskilde-festival.dk/da/years/2023/acts/burna-boy/,NG,Orange,01:00 Torsdag 29. juni 2023,https://www.instagram.com/burnaboygram,https://open.spotify.com/artist/3wcj11K77LjEY1PkEazffa,Nigeriansk superstjerne kommer til Roskilde Festival med spektakulært liveshow. 
Central Cee,https://www.roskilde-festival.dk/da/years/2023/acts/central-cee/,UK,Arena,23:45 Torsdag 29. juni 2023,https://www.instagram.com/central__cee__/,https://open.spotify.com/artist/5H4yInM5zmHqpKIoMNAx4r?si=2dfiUBoYSRKkyUYiaCZVSw,Hypet engelsk rapper og drill-stjerne indtager Roskilde med sit stærke flow
Latto,https://www.roskilde-festival.dk/da/years/2023/acts/latto/,US,Arena,14:00 Torsdag 29. juni 2023,https://www.instagram.com/latto777/,https://open.spotify.com/artist/3MdXrJWsbVzdn6fe5JYkSQ?si=QYg6SVaNRju8HxgPmzhcWw,Atlanta-rapper med fængende hits og uimodståelig swagger 
Tove Lo,https://www.roskilde-festival.dk/da/years/2023/acts/tove-lo/,SE,Orange,19:30 Torsdag 29. juni 2023,https://www.instagram.com/tovelo/,https://open.spotify.com/artist/4NHQUGzhtTLFvgF5SZesLK?si=nubtht6NTmOmCb_PoSzMdQ,"Tove Lo leverer popfest med styrke, sårbarhed og lyst"
070 Shake,https://www.roskilde-festival.dk/da/years/2023/acts/070-shake/,US,Apollo,20:00 Torsdag 29. juni 2023,https://www.instagram.com/070shake/,https://open.spotify.com/artist/12Zk1DFhCbHY6v3xep2ZjI,Amerikansk raptalent fornyer hiphoppen og gør den futuristisk. 
Busta Rhymes,https://www.roskilde-festival.dk/da/years/2023/acts/busta-rhymes/,US,Orange,17:00 Torsdag 29. juni 2023,https://www.instagram.com/bustarhymes/,https://open.spotify.com/artist/1YfEcTuGvBQ8xSD1f53UnK?si=mGnCIYANQiO4MS0SmBmf-A,Legendarisk rapper rammer Roskilde med klassikere og vitalt nyt materiale 
Denzel Curry,https://www.roskilde-festival.dk/da/years/2023/acts/denzel-curry/,US,Arena,18:15 Torsdag 29. juni 2023,https://www.instagram.com/denzelcurryph,https://open.spotify.com/artist/6fxyWrfmjcbj5d12gXeiNV,Genrenedbrydende amerikansk rapper med overlegen teknik og suveræn crowd-control. 
Electric Wizard,https://www.roskilde-festival.dk/da/years/2023/acts/electric-wizard/,UK,Avalon,22:30 Torsdag 29. juni 2023,https://www.instagram.com/electricwizard.official/,https://open.spotify.com/artist/4htjQW3lgIwL6fEJlTOez4?si=sc3NEMD-TjisbPpKcsLzFw,Sjælden koncert fra okkulte riff-mestre  
Hudson Mohawke,https://www.roskilde-festival.dk/da/years/2023/acts/hudson-mohawke/,UK,Apollo,22:00 Torsdag 29. juni 2023,https://www.instagram.com/hudmo/,https://open.spotify.com/artist/6olWbKW2VLhFCHfOi0iEDb?si=mwJyEOMFRbOIyllYFS-MUw,Hiphopglad skotte starter festen med halsbrækkende elektroniske beats. 
J.I.D,https://www.roskilde-festival.dk/da/years/2023/acts/jid/,US,Arena,16:00 Torsdag 29. juni 2023,https://www.instagram.com/jidsv/,https://open.spotify.com/artist/6U3ybJ9UHNKEdsH7ktGBZ7?si=BTgCCizyQq6XV-8aIjKSLg,Atlanta-rapperen indtager Roskilde med sit alsidige og politisk vakte udtryk
Karpe: Omar Sheriff,https://www.roskilde-festival.dk/da/years/2023/acts/karpe-omar-sheriff/,,Avalon,20:00 Torsdag 29. juni 2023,https://www.instagram.com/karpe_offisiell/?hl=da,https://open.spotify.com/artist/3X23gpg1vPacr0hBARyxtN?si=ZUsK3xVPQj2PlEL3tx9Cmw,Norges største rapgruppe kommer til Danmark med spektakulært liveshow.
Lous And The Yakuza,https://www.roskilde-festival.dk/da/years/2023/acts/lous-and-the-yakuza/,CD/BE,Eos,19:30 Torsdag 29. juni 2023,https://www.instagram.com/lousandtheyakuza/?hl=da,https://open.spotify.com/artist/2HPiMwJktBXqakN0hnON2R?si=Uu0a0RThSf6zhKBG2N0oLw,Fransksproget pop med soulet sensualitet fra congolesisk-belgisk stjerneskud.
Rina Sawayama,https://www.roskilde-festival.dk/da/years/2023/acts/rina-sawayama/,UK/JP,Arena,20:45 Torsdag 29. juni 2023,https://www.instagram.com/rinasonline/,https://open.spotify.com/artist/2KEqzdPS7M5YwGmiuPTdr5,Fremtidspop i sjette gear med koloenorme hooks og helteguitar. 
Sudan Archives,https://www.roskilde-festival.dk/da/years/2023/acts/sudan-archives/,US,Avalon,17:30 Torsdag 29. juni 2023,https://www.instagram.com/sudanarchives/,https://open.spotify.com/artist/2MPHBxznH1fj59jbOWY38u?si=iQMGOX2VTFWEubsuIqH9uw,Visionær kunstner leverer afrofuturistisk soulmusik og personlige sange
Yung Lean,https://www.roskilde-festival.dk/da/years/2023/acts/yung-lean/,,Arena,02:00 Torsdag 29. juni 2023,https://www.instagram.com/yunglean2001/,https://open.spotify.com/artist/67lytN32YpUxiSeWlKfHJ3?si=1f9zvokpT9aWP0DLA_ZC5w,Svensk kult-rapper med syret og melankolsk udtryk 
Chupame El Dedo,https://www.roskilde-festival.dk/da/years/2023/acts/chupame-el-dedo/,,Gaia,02:15 Torsdag 29. juni 2023,https://www.instagram.com/chupameeldedo/,https://open.spotify.com/artist/4xuTb7SFiVkESJFuxFk9Qb?si=tsQyhQk4SVyO3zkH0-amow,Kutteklædte satantilbedere med hang til tropiske rytmer 
Clarissa Connelly'S Canons,https://www.roskilde-festival.dk/da/years/2023/acts/clarissa-connellys-canons/,DK,Platform,12:00 Torsdag 29. juni 2023,https://www.instagram.com/clarissa.connelly/,https://open.spotify.com/artist/5YTJVNTfb9qDXATTlzuR5S?si=pIzOLU4FSJGIGka0s8yFCg,Clarissa Connelly forbinder folkemusik og fornyelse i tre særlige seancer
Courtney Marie Andrews,https://www.roskilde-festival.dk/da/years/2023/acts/courtney-marie-andrews/,US,Avalon,13:15 Torsdag 29. juni 2023,https://www.instagram.com/courtneymarieandrews/,https://open.spotify.com/artist/1EI0B66miJj5Fl408B7E9H?si=Lhk-wUJKTBuewc5cwXFewg,"Længsel, nærvær og et stærkt greb om den amerikanske folk-tradition "
Dal:Um,https://www.roskilde-festival.dk/da/years/2023/acts/dalum/,KR,Platform,16:15 Torsdag 29. juni 2023,https://www.instagram.com/dal__um/,https://open.spotify.com/artist/4DE7afkjFxYier8CkuQUJb?si=h0BgYjr3SG6yQuUujUuOYw,Imponerende koreanske strengeinstrumenter finder nye poetiske veje hos enestående duo 
Danmarks Underholdningsorkester,https://www.roskilde-festival.dk/da/years/2023/acts/danmarks-underholdningsorkester/,DK,Platform,13:30 Torsdag 29. juni 2023,https://www.instagram.com/dkunderholdningsorkester/,https://open.spotify.com/playlist/5W0vbpdNlcuIw2N1S5Cr8C,Kom helt tæt på den klassiske musiks største komponister formidlet af sublim strygerkvartet
Dry Cleaning,https://www.roskilde-festival.dk/da/years/2023/acts/dry-cleaning/,,Gaia,23:45 Torsdag 29. juni 2023,https://www.instagram.com/drycleaningband/,https://open.spotify.com/artist/7DlD7rLG9MKuvXtTeACzkO,Postpunk-fornyere mellem kølig distance og flimrende fascinationskraft 
Ethel Cain,https://www.roskilde-festival.dk/da/years/2023/acts/ethel-cain/,US,Avalon,15:00 Torsdag 29. juni 2023,https://www.instagram.com/mothercain/,https://open.spotify.com/artist/0avMDS4HyoCEP6RqZJWpY2?si=9M_GbKl0RdWPOWjzteznAQ,"Stærk og personlig historiefortæller svøbt i americana, drømmepop og southern gothic "
Eyes,https://www.roskilde-festival.dk/da/years/2023/acts/eyes/,DK,Eos,13:30 Torsdag 29. juni 2023,https://www.instagram.com/eyesbandcph/,https://open.spotify.com/artist/6H3XsRIiUv0xVicrxWIHIJ?si=2-WhEK0zSH--f-dewPVcvQ,Københavnske hardcore-mestre bader dig i sort galde med intenst liveshow
Florist,https://www.roskilde-festival.dk/da/years/2023/acts/florist/,US,Gloria,12:30 Torsdag 29. juni 2023,https://www.instagram.com/mlesprg/,https://open.spotify.com/playlist/4X3nNZpb6K01VWthTG95lf,"Poetisk møde mellem skrøbelig folk, ambient og synth-eksperimenter"
Gabber Modus Operandi,https://www.roskilde-festival.dk/da/years/2023/acts/gabber-modus-operandi/,ID,Platform,21:00 Torsdag 29. juni 2023,https://www.instagram.com/gabbermodusoperandi/,https://open.spotify.com/artist/4z8y2MjTFwLa73dABYP1io?si=962sFmrtT2ikXuzcDTlPfQ,Ekstrem trancemusik fra Balis undergrund
Gyedu-Blay Ambolley,https://www.roskilde-festival.dk/da/years/2023/acts/gyedu-blay-ambolley/,GH,Gaia,12:00 Torsdag 29. juni 2023,https://www.instagram.com/gyedublay_official/,https://open.spotify.com/artist/3K7G8Czqv2acbaWlxFfjbj?si=CvVVV5ThSuCcauKpkwzWPA,Legendarisk bandleder fra Ghana bringer sin simigwa-lyd til Roskilde 
Harvey Sutherland,https://www.roskilde-festival.dk/da/years/2023/acts/harvey-sutherland/,AU,Eos,23:00 Torsdag 29. juni 2023,https://www.instagram.com/harveysutherland/,https://open.spotify.com/artist/4CxFlJDif0atTK3gZebcEf?si=tfxokMwsRA2i6Y3DTFWLqA,Australsk producer bringer futuristisk funk-fest til Roskilde med stor bandopsætning 
Indigo De Souza,https://www.roskilde-festival.dk/da/years/2023/acts/indigo-de-souza/,US,Gaia,18:30 Torsdag 29. juni 2023,https://www.instagram.com/indigofaraway/,https://open.spotify.com/artist/3ir2pF2mkiEWqyPenKTh5e,Rå følelser formidles i stærke og upolerede sange af den albumaktuelle sangskriver
Ithaca,https://www.roskilde-festival.dk/da/years/2023/acts/ithaca/,UK,Gaia,16:00 Torsdag 29. juni 2023,https://www.instagram.com/ithacaband/,https://open.spotify.com/artist/7HIvrtPrTTxXrBeJkiRj8x?si=iOkpO4zmTPGrTGQdApQDNQ,Med rødder i metal og hardcore leverer Ithaca kantslag til racisme og homofobi
Koloah,https://www.roskilde-festival.dk/da/years/2023/acts/koloah/,UA,Apollo,00:00 Torsdag 29. juni 2023,https://www.instagram.com/koloah/,https://open.spotify.com/artist/47h1fkAGUe9nbV8TLPYUAM?si=sA2-bzblSrqqKR3eD1BQJg,En af Kyivs vigtigste elektroniske musikere åbner Fast Forward-kurateret nat med AV-show 
Leenalchi,https://www.roskilde-festival.dk/da/years/2023/acts/leenalchi/,KR,Gaia,20:45 Torsdag 29. juni 2023,https://www.instagram.com/leenalchi/?hl=da,https://open.spotify.com/artist/0kHgYUOcTac5RhkYx1thsq?si=dTWegvhDSZyzMgqhY8Cw6A,Alternativ koreansk pop med fire forsangere og new wave-inspiration.
Léon,https://www.roskilde-festival.dk/da/years/2023/acts/l%C3%A9on/,SE,Eos,17:00 Torsdag 29. juni 2023,http://instagram.com/leon,https://open.spotify.com/artist/4SqTiwOEdYrNayaGMkc7ia?si=zKFZl3yuQey6pzapc2w0QQ,Synth-eufori fra svensk popvidunder 
Melodi Ghazal,https://www.roskilde-festival.dk/da/years/2023/acts/melodi-ghazal/,DK/IR,Gloria,16:30 Torsdag 29. juni 2023,https://www.instagram.com/melodighazal/,https://open.spotify.com/artist/6f05TSa46XPA6UoITTjqwm?si=oBbs2larRM-W1XiEs51bUw,Melodi Ghazal leverer pop med kant og iranske rødder
Mor,https://www.roskilde-festival.dk/da/years/2023/acts/mor/,SE,Gaia,14:30 Torsdag 29. juni 2023,https://www.instagram.com/mor_wakeup,https://open.spotify.com/artist/4VLZWJV6x7gfDSasogv3sb?si=REB5zg_LS0W70ESxFAGJLw,"Svensk supertrio blander episk pop, hip-hop og eksperimentallyst"
Newa,https://www.roskilde-festival.dk/da/years/2023/acts/newa/,GE,Apollo,01:00 Torsdag 29. juni 2023,https://www.instagram.com/newa.music/,https://open.spotify.com/playlist/5W0vbpdNlcuIw2N1S5Cr8C,Fast Forward byder på eksperimenterende techno fra Georgien med Newa 
Nora Brown,https://www.roskilde-festival.dk/da/years/2023/acts/nora-brown/,US,Gloria,14:30 Torsdag 29. juni 2023,https://www.instagram.com/little.nb/,https://open.spotify.com/artist/7h7pPNSsoz0NnyDmIqY7OT?si=H6QNFaRkShOxfc3D2zZorw,Banjo-vidunder med sjælfuldt take på amerikansk folk
Nova Twins,https://www.roskilde-festival.dk/da/years/2023/acts/nova-twins/,UK,Eos,01:00 Torsdag 29. juni 2023,https://www.instagram.com/novatwinsmusic/,https://open.spotify.com/artist/7I95CM75shzCjHuTzrepjM?si=n7bS8RbGQLCP7CDpblx2nA,En supernova af urban punk rammer Roskilde
Pongo,https://www.roskilde-festival.dk/da/years/2023/acts/pongo/,AO/PT,Gloria,00:00 Torsdag 29. juni 2023,https://www.instagram.com/pongo_official/,https://open.spotify.com/artist/17MjqHVqjHRfIKAKen6o34?si=4dX6-FWlQq6aB5CoEmXjvw,Dronningen af progressiv kuduro sætter gang i dansegulvet 
Prisma,https://www.roskilde-festival.dk/da/years/2023/acts/prisma/,DK,Avalon,00:30 Torsdag 29. juni 2023,https://www.instagram.com/prisma.theband/?hl=da,https://open.spotify.com/artist/5b02TpKt4S8eb9f7Smg8Au?si=2IYe4ilmTve_OLi8DYtgtw,Ultra-catchy indierock fra danske power-søstre.
Rachel Noon,https://www.roskilde-festival.dk/da/years/2023/acts/rachel-noon/,US,Apollo,02:30 Torsdag 29. juni 2023,https://www.instagram.com/rachelnoondj/,https://open.spotify.com/playlist/5W0vbpdNlcuIw2N1S5Cr8C,Ustoppelig energi og rave-ånd fra feteret Brooklyn-DJ  
Ruslan Mays,https://www.roskilde-festival.dk/da/years/2023/acts/ruslan-mays/,UA,Apollo,02:30 Torsdag 29. juni 2023,https://www.instagram.com/ruslanmays/?hl=da,https://open.spotify.com/artist/1YeeNkaw6ahO6STbC1wliv?si=lLnYzZ9RQ02LFyKnIKhV0Q,Dedikeret ambassadør for Kyivs techno-undergrund gæster Fast Forward-natten på Roskilde
Shaé Universe,https://www.roskilde-festival.dk/da/years/2023/acts/sha%C3%A9-universe/,NG,Eos,15:15 Torsdag 29. juni 2023,https://www.instagram.com/shaesuniverse/?hl=en,https://open.spotify.com/artist/5gaElx30yTGGiOCVnml29N?si=PwYM84maSe6an1qoaa0VdA,"Fantastisk nigeriansk sangerinde forener soul, R&B og drill"
Soul Glo,https://www.roskilde-festival.dk/da/years/2023/acts/soul-glo/,US,Gloria,18:30 Torsdag 29. juni 2023,https://www.instagram.com/soulglophl/?hl=da,https://open.spotify.com/artist/0mWrp0C4ShdOjs7P29Gzan?si=AZl6I0W8Rrm5bbpgyULsmA,"Indignerede hardcorepunkere leger med blæsere, samples og hiphopbeats."
Special Interest,https://www.roskilde-festival.dk/da/years/2023/acts/special-interest/,US,Gloria,20:30 Torsdag 29. juni 2023,https://www.instagram.com/specialinterest.no,https://open.spotify.com/artist/2CYTLJOt91YLe1JLStFu6m?si=bLULh4MaRvil5mx9zjWMgA,"Eklektisk punkband får dig til at danse, mens verden forfalder"
Sugar,https://www.roskilde-festival.dk/da/years/2023/acts/sugar/,DK,Apollo,01:00 Torsdag 29. juni 2023,https://www.instagram.com/sugar_electronics/,,Medrivende techno med åndelige rødder i punkens og metallens intensitet
Uniform,https://www.roskilde-festival.dk/da/years/2023/acts/uniform/,US,Gloria,01:45 Torsdag 29. juni 2023,https://www.instagram.com/uniform_nyc/?hl=en,https://open.spotify.com/artist/3TaLdYu9rA6H364ROYMmvF?si=YGV_A5xpTxmFFTZ8zx8J6w,Knusende industrial og musikalsk delirium fra brutal New York-trio 
Yunè Pinku,https://www.roskilde-festival.dk/da/years/2023/acts/yun%C3%A8-pinku/,,Gloria,22:30 Torsdag 29. juni 2023,https://www.instagram.com/yune.pinku/?hl=en,https://open.spotify.com/artist/2sY4BbYrbvNVgsNzo6HddD?si=buToaCKeQhmEjqnNWi7pMA,Malaysisk-irsk kunstner forener ravens ekstase og chillout-stemninger i strejftog gennem natten 
Blur,https://www.roskilde-festival.dk/da/years/2023/acts/blur/,UK,Orange,22:30 Fredag 30. juni 2023,https://www.instagram.com/blurofficial/,https://open.spotify.com/artist/7MhMgCo0Bl0Kukl93PZbYS?si=-pGfUtHkQJ27_6fVuSFg9w,Den ikoniske britiske kvartet vender endelig tilbage til Orange Scene.
Rosalía,https://www.roskilde-festival.dk/da/years/2023/acts/rosal%C3%ADa/,ES,Arena,23:15 Fredag 30. juni 2023,https://www.instagram.com/rosalia.vt/,https://open.spotify.com/artist/7ltDVBr6mKbRvohxheJ9h1?si=2Zl19AkwSmuH24jw5UdaNA,Med sin seneste triumf af et album vender den visionære spanske popstjerne tilbage til Roskilde
Christine And The Queens,https://www.roskilde-festival.dk/da/years/2023/acts/christine-and-the-queens/,FR,Orange,01:00 Fredag 30. juni 2023,https://www.instagram.com/christineandthequeens,https://open.spotify.com/artist/04vj3iPUiVh5melWr0w3xT,Fransk popstjerne vender tilbage til Dyrskuepladsen med overdådigt liveshow. 
D-Block Europe,https://www.roskilde-festival.dk/da/years/2023/acts/d-block-europe/,,Arena,20:30 Fredag 30. juni 2023,https://www.instagram.com/dblock_europe/,https://open.spotify.com/playlist/5W0vbpdNlcuIw2N1S5Cr8C,UK drill-duo med fuld fart mod stjernerne 
Kesi,https://www.roskilde-festival.dk/da/years/2023/acts/kesi/,DK,Orange,19:30 Fredag 30. juni 2023,https://www.instagram.com/kesi,https://open.spotify.com/artist/2d7AMvzFwh5wUTuqQl3BAE,Kom til hitfest på Orange med dansk raps måske bedste live-performer. 
Adekunle Gold,https://www.roskilde-festival.dk/da/years/2023/acts/adekunle-gold/,NG,Eos,15:15 Fredag 30. juni 2023,https://www.instagram.com/adekunlegold/,https://open.spotify.com/artist/2IK173RXLiCSQ8fhDlAb3s,Nigerianske Adekunle Gold bygger bro mellem moderne pop og afrobeat.
Alice Glass,https://www.roskilde-festival.dk/da/years/2023/acts/alice-glass/,CA,Apollo,21:45 Fredag 30. juni 2023,https://www.instagram.com/_alice_glass/,https://open.spotify.com/artist/4ukk0IyB7vL97QirpOcNr3?si=AdqZaMijRFSXgZ55e_ylew,Personlige dæmoner uddrives med gotisk synthpop.
Code Orange,https://www.roskilde-festival.dk/da/years/2023/acts/code-orange/,US,Avalon,20:00 Fredag 30. juni 2023,https://www.instagram.com/codeorangetoth/,https://open.spotify.com/artist/6qtECqesbU29iftyeWmldK?si=AdPOr88yRYuaqX-XOpXL8Q,Hardcore-katarsis mellem støjende kaos og medrivende sange
D1Ma,https://www.roskilde-festival.dk/da/years/2023/acts/d1ma/,DK,Arena,02:00 Fredag 30. juni 2023,https://www.instagram.com/d1ma.n1/,https://open.spotify.com/artist/5RaTuqY7SJHvh6MNzMagut?si=rxQ9yC6kQTyauko-vv2adw,Mystisk og maskebærende rapper med overvældende hits
Glorilla,https://www.roskilde-festival.dk/da/years/2023/acts/glorilla/,US,Eos,22:00 Fredag 30. juni 2023,https://www.instagram.com/glorillapimp/,https://open.spotify.com/artist/2qoQgPAilErOKCwE2Y8wOG?si=4ulDxJH_QPOGLn-A92pYgw,"Kvindelig empowerment, råstyrke og en unik stemme fra Memphis-rapper"
Greentea Peng,https://www.roskilde-festival.dk/da/years/2023/acts/greentea-peng/,UK,Arena,16:00 Fredag 30. juni 2023,https://www.instagram.com/greenteapeng/?hl=en,https://open.spotify.com/artist/5z9wLR0RGBcWMXr4fCZW0K?si=2awVWjnBQseOOHIxTP7tmA,Sydende og psykedelisk soul-fest fra London-stjerne 
Jammjam,https://www.roskilde-festival.dk/da/years/2023/acts/jammjam/,INT,Orange,17:00 Fredag 30. juni 2023,https://www.instagram.com/roskildefestival/,,Efter et brag af et show i 2022 vender fænomenet JammJam tilbage til Roskilde
Japanese Breakfast,https://www.roskilde-festival.dk/da/years/2023/acts/japanese-breakfast/,US,Arena,18:15 Fredag 30. juni 2023,https://www.instagram.com/jbrekkie,https://open.spotify.com/artist/7MoIc5s9KXolCBH1fy9kkw?si=4Bx4gpmrShiHzhRSteUeng,Det anmelderroste indieband indhyller Roskilde i drømmende poplyde.
Liraz,https://www.roskilde-festival.dk/da/years/2023/acts/liraz/,IR,Avalon,15:00 Fredag 30. juni 2023,https://www.instagram.com/liraz_naz/,https://open.spotify.com/artist/0qTgfqWyTcC1VAYn2vSMpk?si=ZMngb3zXSG6_lz1fI5a4Wg,Liraz leverer persisk dansefest med feministiske budskaber og revolutionær energi
Rokia Koné,https://www.roskilde-festival.dk/da/years/2023/acts/rokia-kon%C3%A9/,,Avalon,18:00 Fredag 30. juni 2023,https://www.instagram.com/rokiakonemusic/,https://open.spotify.com/artist/5SU4pT9l4cpiEcp4IdiuTb?si=d-Idm02qQpahJSt1WqVXLA,Vidtfavnende sangerinde fra Mali bygger bro mellem traditionelle rødder og moderne klange 
Adédèjì,https://www.roskilde-festival.dk/da/years/2023/acts/ad%C3%A9d%C3%A8j%C3%AC/,NG,Avalon,00:30 Fredag 30. juni 2023,https://www.instagram.com/adedejinfo/,https://open.spotify.com/artist/0oMrlKaHe7umhMhnx3NIP6?si=E-MnJD2kSsWmP-L9YJ8W1w,Sjælfuld musiker tager dig på groovy rejse gennem Lagos  
Animistic Beliefs,https://www.roskilde-festival.dk/da/years/2023/acts/animistic-beliefs/,NL,Apollo,00:00 Fredag 30. juni 2023,https://www.instagram.com/animisticbeliefs/,https://open.spotify.com/artist/29S2cn8e5Hg0HuQxAuR2Sr?si=bPrk7dw6TreHi2OQ5L6kLg,"Techno, animisme og asiatiske klange smelter sammen i dekolonialiseret dansemusik "
Aunty Rayzor,https://www.roskilde-festival.dk/da/years/2023/acts/aunty-rayzor/,NG,Gloria,20:30 Fredag 30. juni 2023,https://www.instagram.com/auntyrayzor/,https://open.spotify.com/artist/2Fn2ztLqyHRiJw53gXonuz?si=Vd4SacbJS7O-e9_h4J9J5A,Fremadstormende nigeriansk rapper med barberbladskarp tunge 
Baby Volcano,https://www.roskilde-festival.dk/da/years/2023/acts/baby-volcano/,CH,Platform,21:15 Fredag 30. juni 2023,https://www.instagram.com/babyvolcano__/,https://open.spotify.com/artist/4v7IAW1zJCPQNdq3UpiDoU?si=Ff5w9kBIQ62SINZbRfL0zA,I en blanding af hedensk ritual og elektronisk musik lader Baby Volcano den soniske lava flyde 
Backxwash,https://www.roskilde-festival.dk/da/years/2023/acts/backxwash/,ZM/CA,Gloria,22:30 Fredag 30. juni 2023,https://www.instagram.com/backxwash/,https://open.spotify.com/artist/4du3q8TIzsZxZZKdRT23Jg?si=5Z8m-tAmTQy_3NpqfLwlyA&dl_branch=1,Zambiansk-canadisk queer-kunstner kalder til modstand med brutal blanding af hiphop og metal 
Body Type,https://www.roskilde-festival.dk/da/years/2023/acts/body-type/,AU,Gaia,16:00 Fredag 30. juni 2023,https://www.instagram.com/bodytypeband/,https://open.spotify.com/artist/2gOqvEhTe5TjetSBfivC4D?si=zePv1UaSSLGWkFZZlOoDBw,Knivskarp post-punk fra fremadstormende australsk kvartet
Bru-C,https://www.roskilde-festival.dk/da/years/2023/acts/bru-c/,UK,Apollo,02:30 Fredag 30. juni 2023,https://www.instagram.com/iambru_uk,https://open.spotify.com/artist/7GDrXlpRrdG29o4n0pNR5D,Fremtidens mand i engelsk hiphop inviterer til kæmpe klubfest. 
Candy,https://www.roskilde-festival.dk/da/years/2023/acts/candy/,US,Gaia,02:00 Fredag 30. juni 2023,https://www.instagram.com/candygonnadie/,https://open.spotify.com/artist/4oWlenweHbPcDXKvyNUbBl?si=RnMB4Sc6SH-59dNkVxgNYw,"Forvent ingen sødme, når Candy trækker dig gennem et støjende søle"
Caroline,https://www.roskilde-festival.dk/da/years/2023/acts/caroline/,UK,Gloria,14:30 Fredag 30. juni 2023,https://www.instagram.com/carolinetheband/,https://open.spotify.com/artist/2e74MUhJZSeg2Goe2UUAj3?si=u3orxiUoQEqrP8MvjdKAoQ,Smukke atmosfærer og minimalistiske folk-meditationer fra engelsk kollektiv 
Clarissa Connelly'S Canons,https://www.roskilde-festival.dk/da/years/2023/acts/clarissa-connellys-canons/,DK,Platform,12:00 Torsdag 29. juni 2023,https://www.instagram.com/clarissa.connelly/,https://open.spotify.com/artist/5YTJVNTfb9qDXATTlzuR5S?si=pIzOLU4FSJGIGka0s8yFCg,Clarissa Connelly forbinder folkemusik og fornyelse i tre særlige seancer
Coco Em,https://www.roskilde-festival.dk/da/years/2023/acts/coco-em/,KE,Apollo,19:00 Fredag 30. juni 2023,https://www.instagram.com/cocoem__/,https://open.spotify.com/artist/3FahF8OhHNaw7OJRfEPy9x?si=tJ_MQhcISse0sYECHRoQww,"Kenyansk DJ forener det personlige, det politiske og det dansable "
Derya Yildirim & Grup Şimşek,https://www.roskilde-festival.dk/da/years/2023/acts/derya-yildirim-grup-%C5%9Fim%C5%9Fek/,,Gloria,18:30 Fredag 30. juni 2023,https://www.instagram.com/deryayildirim_grupsimsek/,https://open.spotify.com/artist/2Y0SH69uxHrHrjiZCuTSaT?si=T_DPHtYuSeuk3-Of8vvTag,Poetisk fortolkning af anatolsk syrefolk
Eee Gee,https://www.roskilde-festival.dk/da/years/2023/acts/eee-gee/,DK,Eos,17:00 Fredag 30. juni 2023,https://www.instagram.com/emmagrankvist,https://open.spotify.com/artist/7wwdO3koJONTrS5TtFJ8RN,Popfinesse og country-coolness fra dansk stortalent.  
Florence Adooni,https://www.roskilde-festival.dk/da/years/2023/acts/florence-adooni/,,Gaia,14:15 Fredag 30. juni 2023,https://www.instagram.com/roskildefestival/,https://open.spotify.com/artist/4804FMh4N7pndfmQsS904u?si=izGffaGQT4-eCh1wH4kRGw,Ghanesisk gospeltalent inviterer til dansefest af dimensioner. 
Francesca Burattelli,https://www.roskilde-festival.dk/da/years/2023/acts/francesca-burattelli/,DK/IT,Platform,18:45 Fredag 30. juni 2023,https://www.instagram.com/francescaburattelli/,https://open.spotify.com/artist/1PjvFKWCySjwlkN6nbKDhM?si=Lavx6RexTgiVSaO5W6Aa4Q,Eksperimenterende popkunstner udfolder sit musikalske drama på Platform 
Fraads,https://www.roskilde-festival.dk/da/years/2023/acts/fraads/,,Eos,00:30 Fredag 30. juni 2023,https://www.instagram.com/_fraads_/,https://open.spotify.com/artist/0qpVYqW8pjiACu0FasfPnH?si=t75wMMZlRwqpyPCFl4OPRQ,Syret hiphop-duo med hang til både eksperimenter og stærke melodier 
Ganger,https://www.roskilde-festival.dk/da/years/2023/acts/ganger/,DK,Arena,14:00 Fredag 30. juni 2023,https://www.instagram.com/gangeranganger/,https://open.spotify.com/artist/0VkD20LbMsdWiikUO83GPT?si=aH9Ig2inQ8mJBhb-PWjoLw,"Ganger leverer pop, poesi og himmelstræbende vokalmagi"
Ghetto Kumbé,https://www.roskilde-festival.dk/da/years/2023/acts/ghetto-kumb%C3%A9/,CO,Apollo,20:00 Fredag 30. juni 2023,https://www.instagram.com/ghettokumbe/,https://open.spotify.com/artist/395rqoVSDgQIF7fzRfZIoy?si=DnP4wVZfTCK7EGA4KSkGWQ,Bogotá-trioen sætter atter gang i en tranceskabende og tropisk fest  
Guldimund,https://www.roskilde-festival.dk/da/years/2023/acts/guldimund/,,Avalon,13:00 Fredag 30. juni 2023,https://www.instagram.com/guldimundguldimund/,https://open.spotify.com/artist/5269oiQ5yjMDcgXoJr6zkw?si=4yacx6EuQKC-DkpQIxYZ-Q,Drømmende og poetisk indiepop til de lyse sommernætter fra dansk stortalent 
Jockstrap,https://www.roskilde-festival.dk/da/years/2023/acts/jockstrap/,UK,Gaia,18:30 Fredag 30. juni 2023,https://www.instagram.com/jockstrap_music/,https://open.spotify.com/artist/6S3Z6Me30mtdm526H17v8k?si=Bje5sPewQX2rlYEDILrqTQ,Overjordiske og eksperimenterende popperler fra hypet engelsk duo
Lady Neptune,https://www.roskilde-festival.dk/da/years/2023/acts/lady-neptune/,UK,Gloria,01:30 Fredag 30. juni 2023,https://open.spotify.com/artist/1uLlFT863JCNsqWt5KUgfV?si=A7br-hMaSXyLDAvu64okFA,https://open.spotify.com/playlist/4X3nNZpb6K01VWthTG95lf,Et vildt mix af happy hardcore og gabber fylder dig med ekstase og rædsel
Luedji Luna,https://www.roskilde-festival.dk/da/years/2023/acts/luedji-luna/,BR,Gloria,16:30 Fredag 30. juni 2023,https://www.instagram.com/luedjiluna/,https://open.spotify.com/artist/0sWTkzCrdEvuX7Du6MFLzc?si=uh7BigCeRYmXaAKuzmraIQ,"Kærlighed, protest og afro-brasiliansk empowerment fra sjælfuld stemme "
Metteson,https://www.roskilde-festival.dk/da/years/2023/acts/metteson/,NO,Avalon,22:30 Fredag 30. juni 2023,https://www.instagram.com/mettesonmusic/?hl=en,https://open.spotify.com/artist/6I6dO1Ytvcv32R1uzP5oZD?si=UZ9PuEcSQki7g6_nYZ9_sg,Et af Skandinaviens nye pophåb indtager Roskilde med storslåede popmusikalske dramaer 
Nikki Lane,https://www.roskilde-festival.dk/da/years/2023/acts/nikki-lane/,US,Gaia,21:00 Fredag 30. juni 2023,https://www.instagram.com/nikkilane77/,https://open.spotify.com/artist/2kWeFaiHBskk8oqky3KHcR?si=QfaxVXT6QZaFyk4gw5vxLg,En af den moderne outlaw countrys fineste sangskrivere
Shasimone,https://www.roskilde-festival.dk/da/years/2023/acts/shasimone/,UK,Eos,13:00 Fredag 30. juni 2023,https://www.instagram.com/shasimone/,https://open.spotify.com/artist/0R9Z8Eu8CF5KN4zLJSRFJw?si=dcCDNJIGSrqSAVj12YRyJw,Britisk-ghanesisk raptalent på vej mod kogepunktet
Siti Muharam,https://www.roskilde-festival.dk/da/years/2023/acts/siti-muharam/,TZ,Gloria,12:30 Fredag 30. juni 2023,https://www.instagram.com/roskildefestival/,https://open.spotify.com/artist/2YiO4vmSdl8Pz3MFyohYyo?si=oZD8g-97QK2iFuwVsS96xg,Taarab-genrens gyldne stemme giver nyt liv til stærk sangarv 
The Po' Ramblin' Boys,https://www.roskilde-festival.dk/da/years/2023/acts/the-po-ramblin-boys/,US,Gaia,12:00 Fredag 30. juni 2023,https://www.instagram.com/poramblinboys/,https://open.spotify.com/artist/65XZgRZMfuSawjuSFrnz0o?si=5HaU1B7PRpeTGYIJhg7m-w,Autentisk og håndspillet bluegrass direkte fra Tennessee
Wu-Lu,https://www.roskilde-festival.dk/da/years/2023/acts/wu-lu/,UK,Gaia,23:30 Fredag 30. juni 2023,https://www.instagram.com/wulumusic/,https://open.spotify.com/artist/5yRolHpTcDas7KX7KiH6Wd?si=MXE9DC2EReibGukzDJbL1A,London-rapperen leverer brændstof til revolutionen med punket attitude
Yaya Bey,https://www.roskilde-festival.dk/da/years/2023/acts/yaya-bey/,US,Eos,19:00 Fredag 30. juni 2023,https://www.instagram.com/yayabeybay,https://open.spotify.com/artist/6tpaMMCs8X6o8j9H5OmWmT?si=IUmb46FEQGuTUlDKSRiI-A,Stærk soulstemme skaber et personligt og helende rum
Zuli,https://www.roskilde-festival.dk/da/years/2023/acts/zuli/,,Gloria,00:00 Fredag 30. juni 2023,https://www.instagram.com/zulimusic/,https://open.spotify.com/artist/5Kur13kkU4pOoNFAE8K0YF?si=nk35DZAeTwqZnTB8ljC_sg,"Støjende lydflader, dansable rytmer og arabisk hiphop fra visionær Cairo-musiker "
Lizzo,https://www.roskilde-festival.dk/da/years/2023/acts/lizzo/,US,Orange,23:00 Lørdag 1. juli 2023,https://www.instagram.com/lizzobeeating/,https://open.spotify.com/artist/56oDRnqbIiwx4mymNEv7dS?si=9cwctR29QXG5S5ZSeLd48Q,Selvkærlighedens ypperstepræstinde vender tilbage til Roskilde med kropspositiv fest 
Caroline Polachek,https://www.roskilde-festival.dk/da/years/2023/acts/caroline-polachek/,US,Arena,17:30 Lørdag 1. juli 2023,https://www.instagram.com/carolineplz,https://open.spotify.com/artist/4Ge8xMJNwt6EEXOzVXju9a?si=Dm5MHyRcTWuI1KcW1kZjwQ,Velkommen til Caroline Polacheks sensuelle og magiske pop-ørige
Loyle Carner,https://www.roskilde-festival.dk/da/years/2023/acts/loyle-carner/,UK,Arena,21:30 Lørdag 1. juli 2023,https://www.instagram.com/loylecarner/,https://open.spotify.com/artist/4oDjh8wNW5vDHyFRrDYC4k?si=TDFmbRk2Rs-MEFdbCrrvzA,Kritikerrost engelsk hiphop med jazzet nerve og stærkt personlige tekster 
Tobias Rahim,https://www.roskilde-festival.dk/da/years/2023/acts/tobias-rahim/,DK,Orange,19:30 Lørdag 1. juli 2023,https://www.instagram.com/tobiasrahim/,https://open.spotify.com/artist/1w2fVGZN37TieWhlqS8UwB?si=rDWdvIP8S5uviznRUCp3eA,Den kapitalismekritiske hitsmed er klar til at erobre Orange Scene.
‘’][‘’\/\/[[O]] Sss}}{{Ee\\_\\_,https://www.roskilde-festival.dk/da/years/2023/acts/o-sss-ee__/,,Apollo,02:00 Lørdag 1. juli 2023,https://www.instagram.com/twoshell/,https://open.spotify.com/artist/4mcHKwboFDmpDBQ4fiOrf3?si=HNa-GFOpRFiVc-hHxpM-mQ,Mystisk og anarkistisk dansemusik fra en fremmed planet 
Aitch,https://www.roskilde-festival.dk/da/years/2023/acts/aitch/,UK,Eos,19:30 Lørdag 1. juli 2023,https://www.instagram.com/aitch/,https://open.spotify.com/artist/2PJEagPIxaBugeMjIyKVXF?si=_f9C3ehoRQik3whWPGR5gA,Ung engelsk komet forener fremadskuende rap med Manchesters legendariske musikarv
Angélique Kidjo,https://www.roskilde-festival.dk/da/years/2023/acts/ang%C3%A9lique-kidjo/,BJ,Arena,19:30 Lørdag 1. juli 2023,https://www.instagram.com/angeliquekidjo/,https://open.spotify.com/artist/51qUDJb5AtQX6jIL4VJx6M,Afropop-legenden vender tilbage til Roskilde
Big Freedia,https://www.roskilde-festival.dk/da/years/2023/acts/big-freedia/,US,Eos,00:30 Lørdag 1. juli 2023,https://www.instagram.com/bigfreedia/,https://open.spotify.com/artist/2gyv1akuIB9fQvXoGSPaJr?si=257043ae9ffd4da9,Dronningen af bounce-hiphop kommer til Roskilde Festival!
"Black Country, New Road",https://www.roskilde-festival.dk/da/years/2023/acts/black-country-new-road/,UK,Arena,15:15 Lørdag 1. juli 2023,https://www.instagram.com/blackcountrynewroad/?hl=en,https://open.spotify.com/artist/3PP6ghmOlDl2jaKaH0avUN,Forrygende engelsk orkester bringer den eksperimenterende rock ind i nye og forunderlige egne
Charlotte Adigéry & Bolis Pupul,https://www.roskilde-festival.dk/da/years/2023/acts/charlotte-adig%C3%A9ry-bolis-pupul/,BE,Eos,22:00 Lørdag 1. juli 2023,http://instagram.com/adigerwww,https://open.spotify.com/artist/0h1gX589xBKUCijeC8Bewy?si=f9eCgUqQSv-wSBh-1uSgiQ,Original duo dekonstruerer patriarkatet med syret og sarkastisk elektropop-show 
Lock Up,https://www.roskilde-festival.dk/da/years/2023/acts/lock-up/,UK,Avalon,22:30 Lørdag 1. juli 2023,https://www.instagram.com/lockup666official/,https://open.spotify.com/artist/0AKZrsOYW77C7QW1jzdhNX?si=n2a66vraQFyYHNJLjQj4PA,Grindcore-supergruppe anført af Napalm Death-bassist leverer brutal fest
Tinariwen,https://www.roskilde-festival.dk/da/years/2023/acts/tinariwen/,ML,Orange,17:00 Lørdag 1. juli 2023,https://www.instagram.com/tinariwen/,https://open.spotify.com/artist/2sf2owtFSCvz2MLfxmNdkb?si=kRwkmudqT0eiJqAjRM84DQ,Kongerne af ørkenblues vender endelig tilbage til Roskilde Festival
Uncle Waffles,https://www.roskilde-festival.dk/da/years/2023/acts/uncle-waffles/,,Apollo,21:30 Lørdag 1. juli 2023,https://www.instagram.com/unclewaffles_/,https://open.spotify.com/artist/68McnNC9twEtiynOAJRRgZ?si=e5nwLixbSMqm6P_81UC-Wg,Rising star fra den house-inspirerede sydafrikanske amapiano-scene indtager Roskilde 
Weyes Blood,https://www.roskilde-festival.dk/da/years/2023/acts/weyes-blood/,US,Avalon,16:00 Lørdag 1. juli 2023,https://www.instagram.com/weyesblood/,https://open.spotify.com/artist/3Uqu1mEdkUJxPe7s31n1M9,Det amerikanske vidunder vender tilbage til Roskilde med nyt sfærisk popmesterværk
Whitney,https://www.roskilde-festival.dk/da/years/2023/acts/whitney/,US,Avalon,18:15 Lørdag 1. juli 2023,https://www.instagram.com/whitneyband/,https://open.spotify.com/artist/32aUoW94mJ7xTJI7fG0V1G?si=laOXPAQnSPqFxTaiCgBw9g,Organisk indie-soul og varme vokalharmonier til sommeraftenen
Afskum,https://www.roskilde-festival.dk/da/years/2023/acts/afskum/,,Eos,17:30 Lørdag 1. juli 2023,https://www.instagram.com/afskumerfarlig/,https://open.spotify.com/playlist/5W0vbpdNlcuIw2N1S5Cr8C,Den kompromisløse sanger er klar til atter at rive tæppet væk under publikum med intenst show 
Clarissa Connelly'S Canons,https://www.roskilde-festival.dk/da/years/2023/acts/clarissa-connellys-canons/,DK,Platform,12:00 Torsdag 29. juni 2023,https://www.instagram.com/clarissa.connelly/,https://open.spotify.com/artist/5YTJVNTfb9qDXATTlzuR5S?si=pIzOLU4FSJGIGka0s8yFCg,Clarissa Connelly forbinder folkemusik og fornyelse i tre særlige seancer
Deaf Club,https://www.roskilde-festival.dk/da/years/2023/acts/deaf-club/,US,Gloria,18:30 Lørdag 1. juli 2023,https://www.instagram.com/deafclubband/,https://open.spotify.com/artist/1GHsH4VNAKT2b7lBnppmFx?si=K_1spsQLR3y56os7hvmAXw,Brutal supergruppe med legendariske Justin Pearson i front leverer voldsomt hardcore-angreb
Domi & Jd Beck,https://www.roskilde-festival.dk/da/years/2023/acts/domi-jd-beck/,FR/US,Gaia,14:15 Lørdag 1. juli 2023,https://www.instagram.com/domiandjdbeck/,https://open.spotify.com/artist/4UpA1KitN1RgIZVyWDbZ0U?si=ufSzVDPWTXSet1SgvIk9Vg,Festfyrværkeri af rendyrket musikglæde fra unge jazzstjerner
First Hate,https://www.roskilde-festival.dk/da/years/2023/acts/first-hate/,DK,Gaia,01:15 Lørdag 1. juli 2023,https://instagram.com/first__hate,https://open.spotify.com/artist/5HOnVNfQ1FvMzZN2NEuNhP?si=_XOFYiNrTcizvTgla8Bjxg,Den danske synthpop-duo markerer 10-års jubilæum med ekstatisk fest
Fulu Miziki,https://www.roskilde-festival.dk/da/years/2023/acts/fulu-miziki/,CD,Eos,13:00 Lørdag 1. juli 2023,https://www.instagram.com/fulumusic/,https://open.spotify.com/artist/5YpOlimBuGWDamh62kx4cu,Affald forvandles til musikalsk guld af congolesisk kollektiv
Girls In Airports,https://www.roskilde-festival.dk/da/years/2023/acts/girls-in-airports/,DK,Gaia,12:00 Lørdag 1. juli 2023,https://www.instagram.com/girlsinairports/,https://open.spotify.com/artist/6rmNdcuNwzokE2TQaI0ubr?si=t3IpfyNwSRu6EQCUneTEzQ,Jazzede improvisationer og globalt udsyn fra et af Danmarks bedste live-bands
Grace Ives,https://www.roskilde-festival.dk/da/years/2023/acts/grace-ives/,US,Eos,15:30 Lørdag 1. juli 2023,https://www.instagram.com/graceives4u/,https://open.spotify.com/artist/4TZieE5978SbTInJswaay2?si=3oZWDg_XTIaTCHGACsrfSw,Skamrost synthpop-vidunder indtager Roskilde med sit seneste mesterværk
Kassi Valazza,https://www.roskilde-festival.dk/da/years/2023/acts/kassi-valazza/,US,Gloria,16:30 Lørdag 1. juli 2023,https://www.instagram.com/kassivalazza/,https://open.spotify.com/artist/4qIi20XYGNXcVvCzBZFumH?autoplay=true,"Solrige og psykedeliske landskaber mellem country, americana og neo-folk "
King Kami,https://www.roskilde-festival.dk/da/years/2023/acts/king-kami/,BR,Apollo,19:00 Lørdag 1. juli 2023,https://www.instagram.com/kiingkamii/?hl=en,https://open.spotify.com/artist/4Euz6vlPoujB4l6IUpJkdn?si=V_TIsd26QfCFW7f4nVrAYw,Pulserende bas og elektroniske beats møder brasiliansk funk
Liniker,https://www.roskilde-festival.dk/da/years/2023/acts/liniker/,BR,Gaia,18:30 Lørdag 1. juli 2023,https://www.instagram.com/linikeroficial/,https://open.spotify.com/artist/2O6q06oNcmOIPg1qidSU3C?si=kwWj7Az3SO-QN1DuH0ZMIw,Brasiliansk soulikon og queer-aktivist indtager Roskilde 
Lucrecia Dalt,https://www.roskilde-festival.dk/da/years/2023/acts/lucrecia-dalt/,CO,Gloria,14:30 Lørdag 1. juli 2023,https://www.instagram.com/lucreciadalt/,https://open.spotify.com/artist/4LC4vkseYrSEDd6MjZvOO9?si=Lp2CM80cQe6fNp8mDJ-spA,Colombiansk tradition og futuristisk sci-fi i smuk forening
Lyra Valenza,https://www.roskilde-festival.dk/da/years/2023/acts/lyra-valenza/,,Platform,00:30 Lørdag 1. juli 2023,https://www.instagram.com/lyraval_insta/?fbclid=IwAR2FeMwrS1qTFCruBosnWLnTnD594w0KHpgys-EoZZOdW8j0xj230sFTpNM,https://open.spotify.com/artist/34VlLtL7bIjD8JT48R3eJB?si=dxKK3keNRT-KCoqe4H35HA,Fremadskuende elektronisk musik fra stærk dansk duo 
Militarie Gun,https://www.roskilde-festival.dk/da/years/2023/acts/militarie-gun/,US,Gaia,16:00 Lørdag 1. juli 2023,https://www.instagram.com/MILITARIEGUN,https://open.spotify.com/artist/4us4NMG5wuqdUZvthZrj0Q?si=vPCuQBceQhO7jvhFx06Nqg,Original hardcore med rå nerve og stærke melodier  
Pankisi Ensemble,https://www.roskilde-festival.dk/da/years/2023/acts/pankisi-ensemble/,,Gloria,12:30 Lørdag 1. juli 2023,https://www.instagram.com/ensemble_pankisi/,https://open.spotify.com/artist/79JiwHfJKVfomH1O3UwC3C?si=3_w46rs4SJqT8hAqwAWFBQ,Et sjældent og smukt blik ind i vokaltraditionerne fra Georgiens Pankisi-dal 
Perturbator,https://www.roskilde-festival.dk/da/years/2023/acts/perturbator/,FR,Apollo,00:00 Lørdag 1. juli 2023,https://www.instagram.com/perturbatormusic/,https://open.spotify.com/artist/244uLu9lkdw39BJwlul3k8?si=KIjHw2j-SzOUI_DTC3mrVg,Iskold synthwave fra fransk mørkemester
Phelimuncasi,https://www.roskilde-festival.dk/da/years/2023/acts/phelimuncasi/,ZA,Gloria,01:30 Lørdag 1. juli 2023,https://www.instagram.com/realphelimuncasi/,https://open.spotify.com/artist/6efWsNfg9E1PSj46UWcxOx?si=y8fvIifRQcysfUEsS-Y2PA,Radikal sydafrikansk dansemusik med revolutionær energi
Saint Clara,https://www.roskilde-festival.dk/da/years/2023/acts/saint-clara/,DK,Arena,13:15 Lørdag 1. juli 2023,https://www.instagram.com/saint_clara/,https://open.spotify.com/artist/7c1rIwBQdZMoJD4VE9luoS?si=3xUDNDYbRSC1hFEZufY2NQ,Ung popkomet lover særligt show på Roskilde
Siamese,https://www.roskilde-festival.dk/da/years/2023/acts/siamese/,DK,Avalon,20:00 Lørdag 1. juli 2023,https://www.instagram.com/siamese_band,https://open.spotify.com/artist/0Hx4gv3eoiodtu6XYHF1X0?si=s2NPDz7hS32E&nd=1,Genrenedbrydende metal med tunge guitarbredsider og storladne poppede omkvæd
Sofie Birch,https://www.roskilde-festival.dk/da/years/2023/acts/sofie-birch/,,Platform,13:30 Lørdag 1. juli 2023,https://www.instagram.com/sofiebirchxix/,https://open.spotify.com/artist/6kEyGr2dFnzcKGxpHmnJnn?si=zBFSPygySROEXu5Psra3ig,Tag en meditativ pause med Sofie Birchs helbredende klange og drømmende ambient 
Sorry,https://www.roskilde-festival.dk/da/years/2023/acts/sorry/,UK,Gloria,20:30 Lørdag 1. juli 2023,https://www.instagram.com/sorrybanduk/,https://open.spotify.com/artist/5eUda4BaWhUQWWJiP1ml5v?si=ct-EnbIsQuek3iOmUuqTRA,Skamrost London-kvintet fornyer rocken på underspillet og skramlet manér 
Temp-Illusion,https://www.roskilde-festival.dk/da/years/2023/acts/temp-illusion/,IR,Gloria,22:15 Lørdag 1. juli 2023,https://www.instagram.com/temp_illusion/,https://open.spotify.com/artist/3N5AoyMmO9exmmlvdhWAWr?si=VS9Rt1XHRP6kF7Vwqj0QLA,Radikal elektronisk musik fra Iran med dystert fokus på mediernes virkelighedsforvrængning 
Tootard,https://www.roskilde-festival.dk/da/years/2023/acts/tootard/,INT,Gaia,21:00 Lørdag 1. juli 2023,https://www.instagram.com/tootard/,https://open.spotify.com/artist/7nSWA1659h0Vb1EyjJdSFV?si=PECZYCplS1uCw5PKf-nr_A,Grænseløs pan-arabisk dansefest fra Golanhøjderne
Txc,https://www.roskilde-festival.dk/da/years/2023/acts/txc/,ZA,Apollo,20:00 Lørdag 1. juli 2023,https://www.instagram.com/____.txc.____/,https://open.spotify.com/artist/25j9xL1MTyuycuB2xy2Q9g?si=rF7VB3H9RbuL27syP4Rf3w,Charmerende duo bringer den sydafrikanske amapiano til Roskilde 
Ustad Noor Bakhsh,https://www.roskilde-festival.dk/da/years/2023/acts/ustad-noor-bakhsh/,PK,Avalon,13:00 Lørdag 1. juli 2023,https://www.instagram.com/noorbenju/,https://open.spotify.com/artist/7LteUVt5zjstP7yHLFcYi8?si=LNuBNpWFT8iQStRK6C7Tqg,Poetiske naturmeditationer og tryllebindende toner fra pakistansk benju-mester
Wargasm,https://www.roskilde-festival.dk/da/years/2023/acts/wargasm/,UK,Avalon,00:30 Lørdag 1. juli 2023,https://www.instagram.com/thisiswargasmuk/,https://open.spotify.com/artist/1NRudBLaT84LXxfsYdFMhB?si=DSlo0XsZSbeDlEgZkSeeig,Kaosdyrkende duo byder på eksplicit totalshow af electro-metal og vokale slagsmål 
Witch Club Satan,https://www.roskilde-festival.dk/da/years/2023/acts/witch-club-satan/,NO,Gloria,00:00 Lørdag 1. juli 2023,https://www.instagram.com/witchclubsatan,https://open.spotify.com/artist/395rqoVSDgQIF7fzRfZIoy?si=DnP4wVZfTCK7EGA4KSkGWQ&nd=1,Hekseklubben sætter ild til patriarkatet med norsk black metal.
Agnes Hartwich,https://www.roskilde-festival.dk/da/years/2023/acts/agnes-hartwich/,DK,Eos,16:15 Søndag 25. juni 2023,https://www.instagram.com/agneshartwich/?hl=da,https://open.spotify.com/artist/5dannHlHirCopWH6vT2DpX?si=ZktaXKJeQxesi90mJzbLEQ,Fremadstormende rockhåb sætter strøm til ungdommens længsel
Angstskrig,https://www.roskilde-festival.dk/da/years/2023/acts/angstskrig/,DK,Gaia,20:00 Mandag 26. juni 2023,https://www.instagram.com/angstskrigofficial/,https://open.spotify.com/artist/6iNPyVa4pnZANbl6umJNUb?si=pFLXIK6pScuIvmsBW2vlzQ,Dansksproget black metal-duo med rå nerve
Aperly High,https://www.roskilde-festival.dk/da/years/2023/acts/aperly-high/,DK,Gaia,23:00 Mandag 26. juni 2023,https://www.instagram.com/aperlyhigh/,https://open.spotify.com/artist/6epKo2ka9bTo3E1AaHEq5o?si=bsC4laTPT8GASM8yxArkIQ,En hyperpoppet og punket hyldest til ungdommens ekstreme følelseshav 
Ash Olsen,https://www.roskilde-festival.dk/da/years/2023/acts/ash-olsen/,,Eos,16:15 Mandag 26. juni 2023,https://www.instagram.com/asholsen/,https://open.spotify.com/artist/0ttXrMwLh27nHwox4z8BYx?si=I-orpp30SiaqXg1Jz6Ur-g,Norges nye hiphop-stjerne favner både følsomme ballader og rå attitude 
August Høyen,https://www.roskilde-festival.dk/da/years/2023/acts/august-h%C3%B8yen/,DK,Eos,14:45 Tirsdag 27. juni 2023,https://www.instagram.com/augusthoeyen/,https://open.spotify.com/artist/3nvGdNkcrq1IYHgJBw28Nm?si=sAvALVmsR1C54qK4mX1qwg,Følsom sangskriver spreder kærlighed med en blanding af R&B og folket sangskrivning 
Baloosh,https://www.roskilde-festival.dk/da/years/2023/acts/baloosh/,,Eos,20:45 Søndag 25. juni 2023,https://www.instagram.com/its_baloosh/,https://open.spotify.com/artist/5IpqfN8Pqjy89nj1IfuOXC?si=Xr9N6dOfQum7SUXWq-T2CQ,Rap-håb fra Aarhus V leverer rå fortællinger med en dramatisk vokal 
Dejah Makar,https://www.roskilde-festival.dk/da/years/2023/acts/dejah-makar/,DK,Gaia,21:30 Søndag 25. juni 2023,https://www.instagram.com/dejahmakar/,https://open.spotify.com/artist/2sCB44iih7Oa1kQqfsedHz?si=fBrgfOJOTWOv3VN8E690wg,Global og futuristisk popmusik og rapkæftet poesi fra dansk-egyptisk sangerinde 
Deki Alem,https://www.roskilde-festival.dk/da/years/2023/acts/deki-alem/,,Eos,23:45 Tirsdag 27. juni 2023,https://www.instagram.com/dekialem/?hl=da,https://open.spotify.com/artist/2AK3F4tVjxYuqSGefozy52?si=xIaYHisoQ1GVyAianjF7Bw,"Hypet power-duo med originalt mix af rap, drum & bass og grunge "
Dibset,https://www.roskilde-festival.dk/da/years/2023/acts/dibset/,DK,Eos,18:00 Tirsdag 27. juni 2023,https://www.instagram.com/dibset.1/?hl=da,https://open.spotify.com/artist/4g53FCcxQZEj8SSr1rHmiH?si=fR5QCmPeQQSYSvr9CwWToA,Voldsomme erfaringer og sorgfyldte stemninger forenes af maskeklædt rapper 
Evil House Party,https://www.roskilde-festival.dk/da/years/2023/acts/evil-house-party/,,Gaia,20:00 Tirsdag 27. juni 2023,https://www.instagram.com/evilhouseparty/,https://open.spotify.com/artist/4dcXQW2aINb1lAMHKQa2hB?si=1p-ZlL0TTTiiHql-vbPcDA,Dunkel drømmepop og ond festmusik fra københavnsk duo 
Excelsior,https://www.roskilde-festival.dk/da/years/2023/acts/excelsior/,,Gaia,14:00 Tirsdag 27. juni 2023,https://www.instagram.com/excelsior_xx/,https://open.spotify.com/artist/4GcbIiUaMp2b0F8gIIOuEc?si=vvKeIOT3SzOgPpeWkBSBsQ,"Et søgende univers af progressiv pop, elektroniske klange og meditative tilstande "
Feather Mountain,https://www.roskilde-festival.dk/da/years/2023/acts/feather-mountain/,,Gaia,18:30 Søndag 25. juni 2023,https://www.instagram.com/feather_mountain/,https://open.spotify.com/artist/7pKvxNJ2IsDMlgc1gmzcky?si=sQ6ux9z3ScKcIRtS60YDnQ,Drømmende stemninger og hårdtslående riffs forenes af progressivt metalorkester 
Giift,https://www.roskilde-festival.dk/da/years/2023/acts/giift/,,Gaia,15:30 Søndag 25. juni 2023,https://www.instagram.com/giift1x/?hl=en,https://open.spotify.com/artist/2uRyCr2a4iM7uEaz4oQE3p?si=0ysdCWSESw2WXMlHzy94oQ,Personlige fortællinger svøbt i minimalistisk R&B og neo-soul 
Girl Scout,https://www.roskilde-festival.dk/da/years/2023/acts/girl-scout/,SE,Gaia,18:30 Tirsdag 27. juni 2023,https://www.instagram.com/girlscouttheband/,https://open.spotify.com/artist/4CbghtwTo6bvxk5QacvRrE?si=KEgeHA1QTIGsdKOVB6lPWw,Velsmurte indiepop-sange med både sødme og melankoli 
Gorgeous,https://www.roskilde-festival.dk/da/years/2023/acts/gorgeous/,DK,Eos,14:45 Søndag 25. juni 2023,https://www.instagram.com/gorgeousmusik/,https://open.spotify.com/artist/6C0TMfW4C2qCYxMkktQLXd?si=QidSvKmYTci1NxSbXhYBBA,"Betagende popmelodier i sprød, indiefolket indpakning fra dansk duo "
Heathe,https://www.roskilde-festival.dk/da/years/2023/acts/heathe/,,Gaia,23:00 Søndag 25. juni 2023,https://www.instagram.com/heatheheathe/?fbclid=IwAR0ZlpqCNfPeoipdmWg3s_ozcO0hjav6_12IQiQNup89qAUKDQS7oDMd97A,https://open.spotify.com/artist/5My1yNpCjzvqlNj18PDg1c?si=sOA2PTtJTb-IwVlCIDm4hw,Dommedagstung trance og ekstatisk støjgospel fra Aalborg 
Ida Laurberg,https://www.roskilde-festival.dk/da/years/2023/acts/ida-laurberg/,,Eos,17:15 Søndag 25. juni 2023,https://www.instagram.com/idalaurberg/,https://open.spotify.com/artist/03IbEiokQjTDfvdyIYV5D4?si=GtJfC-dFS4Gh5VHEJVQjdg,Dansk popkomet omfavner det danske sprog på nye sange 
Kalaset,https://www.roskilde-festival.dk/da/years/2023/acts/kalaset/,,Eos,16:15 Tirsdag 27. juni 2023,https://www.instagram.com/k.kalaset/?fbclid=IwAR0Db1FAvT8dtdDySHnieeaNnqiqgPG_sZtuipIHJ4ez7gXinTWybDVTDNA,https://open.spotify.com/artist/2Wqxw6V3d9ZzAf32jTjwW7?si=iOOGj_oqSsmGBb0tObbhtg,Dansk drømmepop med kurs mod stjernerne 
Kind Mod Kind,https://www.roskilde-festival.dk/da/years/2023/acts/kind-mod-kind/,,Eos,23:45 Søndag 25. juni 2023,https://www.instagram.com/kindmodkind/,https://open.spotify.com/artist/0cc3y7owJCbx8MuYJZI6As?si=0plsGPe_Tuy8wFcLAywBdw,Følsom rave-pop forbinder dansegulvet og sommerhimlen 
Kindsight,https://www.roskilde-festival.dk/da/years/2023/acts/kindsight/,,Gaia,18:30 Mandag 26. juni 2023,https://www.instagram.com/kindsight.kindsight,https://open.spotify.com/artist/69INXmdJGXIPAZQuThqRjw?si=B-U2SLrmT1mCY4FzmplO1A,Sommerlige poptoner og melankolsk alt-rock i underskøn forening 
Kleo,https://www.roskilde-festival.dk/da/years/2023/acts/kleo/,DK,Gaia,17:00 Søndag 25. juni 2023,https://www.instagram.com/kleoleia/,https://open.spotify.com/artist/5Kur13kkU4pOoNFAE8K0YF?si=nk35DZAeTwqZnTB8ljC_sg,Kosmisk pop med meditative lag og storslåede melodier 
Kundo,https://www.roskilde-festival.dk/da/years/2023/acts/kundo/,,Eos,17:45 Tirsdag 27. juni 2023,https://www.instagram.com/1waykundo/,https://open.spotify.com/artist/2GGL93jyTZ4X7uidHSJhIr?si=uyXCQK7KSlugFGu1mcIdEw,Vedkommende rap-håb med old school-lyd og tunge beats 
Mas,https://www.roskilde-festival.dk/da/years/2023/acts/mas/,,Eos,23:45 Mandag 26. juni 2023,https://instagram.com/,https://open.spotify.com/artist/3Tg0bQKDqc4ONwmKywDq72?si=QcymDM16T4SV1c7Py4Y4PA,Dansk rap-håb indtager Roskilde med imødeset debutalbum 
Merro8,https://www.roskilde-festival.dk/da/years/2023/acts/merro8/,DK,Eos,18:15 Tirsdag 27. juni 2023,https://www.instagram.com/merro8__/,https://open.spotify.com/artist/5LcNaarbF34TMSkVLE7YQc?si=-xwaq9a6RvWOuyQ8MX_E9w,Rap-underdog med unik stemmeføring 
Nakkeknaekker,https://www.roskilde-festival.dk/da/years/2023/acts/nakkeknaekker/,DK,Eos,17:45 Mandag 26. juni 2023,https://www.instagram.com/nakkeknaekker/,https://open.spotify.com/playlist/5W0vbpdNlcuIw2N1S5Cr8C,Møgbeskidt dansk dødsmetal med halsbrækkende live-energi 
Namasenda,https://www.roskilde-festival.dk/da/years/2023/acts/namasenda/,SE,Gaia,21:30 Tirsdag 27. juni 2023,https://www.instagram.com/usleemil/?hl=da,https://open.spotify.com/artist/13wADF4gMaMun7o6VzOzZp,Hårdtslående svensk hyperpop-kunstner med et arsenal af dansable sange
Nausia,https://www.roskilde-festival.dk/da/years/2023/acts/nausia/,,Gaia,14:00 Mandag 26. juni 2023,https://www.instagram.com/nausia_official/,https://open.spotify.com/artist/163o4DEcZVOmeIhbIlNjXr?si=fXKUyni2Tzq_vcsU_68oPg,Københavner-kvintet med personligt bud på spirituel jazz 
Neon Priest,https://www.roskilde-festival.dk/da/years/2023/acts/neon-priest/,,Eos,19:15 Søndag 25. juni 2023,https://www.instagram.com/neonpriest/,https://open.spotify.com/artist/2ABpmoGVflrSQ8thdBjyrU?si=w3RjYdngSiaJfG5ygMkdSg,Nedsmeltet pop i et eksplosivt elektronisk univers 
Pil,https://www.roskilde-festival.dk/da/years/2023/acts/pil/,,Eos,19:15 Mandag 26. juni 2023,https://www.instagram.com/pillowich/,https://open.spotify.com/artist/3vSX14E4YqHrx8nyXeOVen?si=iEXx6FewSVahHOT6CtqkdA,Uimodståelige popsange med et stort og sårbart hjerte 
Pleaser,https://www.roskilde-festival.dk/da/years/2023/acts/pleaser/,,Gaia,17:00 Mandag 26. juni 2023,https://www.instagram.com/pleasercph/,https://open.spotify.com/artist/402XZzUu3B8SejOeEGFYqi?si=7hSkKMsOQpC-PCOC-rB2Zg,Skarpe melodier og skramlet æstetik fra københavnske punk-nykommere 
Selina Gin,https://www.roskilde-festival.dk/da/years/2023/acts/selina-gin/,DK,Eos,14:45 Mandag 26. juni 2023,https://www.instagram.com/selinagin/,https://open.spotify.com/artist/5gghGLi5wwcWOeDIgnuVoo?si=MuTSUHcIR4ud27qv7dky8Q,Tidligere Nelson Can-musiker leverer sofistikeret indiepop med tårnhøje ambitioner 
Situationsfornærmelse,https://www.roskilde-festival.dk/da/years/2023/acts/situationsforn%C3%A6rmelse/,DK,Gaia,15:30 Tirsdag 27. juni 2023,https://www.instagram.com/situationsfornaermelse/?hl=da,https://open.spotify.com/artist/6ndFd1sXXoVHSOZmOscjCl?si=QdWczM01QxiG1Zc_uC1Mlg,Rapkæftet dansksproget lømmelrock fra Aarhus 
Sonic Girl,https://www.roskilde-festival.dk/da/years/2023/acts/sonic-girl/,,Eos,22:15 Søndag 25. juni 2023,https://www.instagram.com/sonicgirl_world/,https://open.spotify.com/artist/31vO4IuGYTlzTeEPIVw8TR?si=7svqwuKESZqdiPqHxw5SKg,Futuristisk popfest fra dansk hyperpop-vidunder 
Stundom,https://www.roskilde-festival.dk/da/years/2023/acts/stundom/,,Gaia,14:00 Søndag 25. juni 2023,https://www.instagram.com/stundommusic,https://open.spotify.com/artist/4Cp4SR2SzIHbNvC25Zxk2b?si=3Kfv97UXQV-zb4TdC09_OA,En lyrisk og kammermusikalsk dans med den nordiske folkemusik 
Sulka,https://www.roskilde-festival.dk/da/years/2023/acts/sulka/,,Eos,19:15 Tirsdag 27. juni 2023,https://www.instagram.com/_sulka/,https://open.spotify.com/artist/467BSFPrqZP3HT6dXzsBqv?si=ozFBw44tQvKljlIQX4RJ7g,Original hip-hop med poetiske ambitioner og sylespidse linjer 
Tacobitch,https://www.roskilde-festival.dk/da/years/2023/acts/tacobitch/,NO,Gaia,23:00 Tirsdag 27. juni 2023,https://www.instagram.com/tacobitchcollective/?hl=da,https://open.spotify.com/artist/4f01Fmn2QMGILvDutjQqoV?si=JWc0jB4FRr6P2eblczWKSw,"Norsk kollektiv byder på excentrisk blanding af punk, støj og techno i et vildt live-show "
Tarick,https://www.roskilde-festival.dk/da/years/2023/acts/tarick/,,Eos,20:45 Mandag 26. juni 2023,https://www.instagram.com/tarickcph_official/,https://open.spotify.com/artist/5okfcG5ILSySJxqMiaRwmH?si=4sO3ieYMQrK7omwT-fILPQ,"Melodisk og medrivende blanding af afrobeat, rap og kontemporær R&B "
Tarrak,https://www.roskilde-festival.dk/da/years/2023/acts/tarrak/,GL,Gaia,21:30 Mandag 26. juni 2023,https://www.instagram.com/joseftarrak/,https://open.spotify.com/artist/3FTKo3aheAF0aAxbJWyiP8?si=ohT_YGulQSS2Z0HH0G8o1Q,En af Grønlands vigtigste rappere kæmper mod kolonialistisk tænkning med personlige tekster 
Tender Youth,https://www.roskilde-festival.dk/da/years/2023/acts/tender-youth/,,Gaia,17:00 Tirsdag 27. juni 2023,https://www.instagram.com/tender.youth/,https://open.spotify.com/artist/6WVXw9VBHTxHbtKoiMhKo2?si=m-_6bWFKTjmAm4kmU9mt5w,Stilsikker blanding af postpunk og støjrock tilsat ungdommelig nerve 
Tuhaf,https://www.roskilde-festival.dk/da/years/2023/acts/tuhaf/,,Gaia,20:00 Søndag 25. juni 2023,https://www.instagram.com/tuhafcph/,https://open.spotify.com/artist/2kuLzZQ9YqwrjVCxjV1ZuB?si=ZzIlL0A0SGCG19N1ewNf5w,En farverig og psykedelisk eksplosion af tyrkisk rock og dansk protestfolk 
Undergrunn,https://www.roskilde-festival.dk/da/years/2023/acts/undergrunn/,NO,Eos,20:45 Tirsdag 27. juni 2023,https://www.instagram.com/undergrunnklikk/,https://open.spotify.com/artist/1LyYIhqdjG9R9VdIRSftBb?si=Eqt97yVeSrCflUWgXzAFTQ,Ung hverdag sat til skarpe beats fra norske hiphop-stjerner 
Ussel,https://www.roskilde-festival.dk/da/years/2023/acts/ussel/,,Eos,22:15 Mandag 26. juni 2023,https://www.instagram.com/usleemil/,https://open.spotify.com/artist/13wADF4gMaMun7o6VzOzZp,USSEL danser med sine dæmoner i en blanding af fængende pop og punket emo-rap 
Yukka,https://www.roskilde-festival.dk/da/years/2023/acts/yukka/,,Gaia,15:30 Mandag 26. juni 2023,https://www.instagram.com/yukkamusik,https://open.spotify.com/artist/2SqekmqckunRaCzsYKQ8cY?si=TL6uyBuxROG-Y8PxVzNG9A,Poetisk og feministisk rap fra stærk egyptisk stemme 
Zar Paulo,https://www.roskilde-festival.dk/da/years/2023/acts/zar-paulo/,,Eos,22:15 Tirsdag 27. juni 2023,https://www.instagram.com/zar_paulo/,https://open.spotify.com/artist/5Org3M2mFFEFd8A57h9Yv2?si=7ThL6LtHRQux8Ow3xT71eQ,Generationsstemme med en elektrisk energi på scenen 
Aches,https://www.roskilde-festival.dk/da/years/2023/acts/aches/,IE,Festival Site,Onsdag 28. juni 2023,https://www.instagram.com/achesdub/,,Street-artist skaber en unik verden af farveudtryk på Roskilde Festival 
Alex/Alexandra Jönsson,https://www.roskilde-festival.dk/da/years/2023/acts/alexalexandra-joensson/,DK,Campsite,Søndag 25. juni 2023,https://www.instagram.com/ajonssonstudio/,,Kunstner undersøger adfærd og omsorg i midlertidige festfællesskaber  
"Angel Wei, Eliyah Mesayer & Stine Victoria",https://www.roskilde-festival.dk/da/years/2023/acts/angel-wei-eliyah-mesayer-stine-victoria/,DK/INT,Platform,14:45 Lørdag 1. juli 2023,https://www.instagram.com/roskildefestival/,,"Interaktiv performance, der flytter grænserne for det synlige og det, der er"
Apparatus 22,https://www.roskilde-festival.dk/da/years/2023/acts/apparatus-22/,RO/BE,Festival Site,Onsdag 28. juni 2023,https://www.instagram.com/roskildefestival/,,Kunstnerkollektiv bruger håb til kritisk at navigere i nutiden og fremtiden
"Aram Ostadian-Binai, Babak Vakili, Liraz & Melodi Ghazal",https://www.roskilde-festival.dk/da/years/2023/acts/aram-ostadian-binai-babak-vakili-liraz-melodi-ghazal/,DK,Avalon,12:00 Fredag 30. juni 2023,https://www.instagram.com/liraz_naz/?hl=da,,Tre kunstnere med iranske rødder fortæller om musikkens betydning for den iranske kamp for frihed
Artem,https://www.roskilde-festival.dk/da/years/2023/acts/artem/,,"Destroy Me Once, Destroy Me Twice",17:00 Søndag 25. juni 2023,https://www.instagram.com/artem.kbh/,,Ungt kunstnerkollektiv øger bevidstheden om ligestilling gennem Party of Your Dreams 
"Babyface Mo, Casper Frøkjær, Nationalmuseet & Nima Tisdall",https://www.roskilde-festival.dk/da/years/2023/acts/babyface-mo-casper-fr%C3%B8kj%C3%A6r-nationalmuseet-nima-tisdall/,DK,Flokkr,12:30 Søndag 25. juni 2023,https://www.instagram.com/roskildefestival/,,Privatøkonomi kan være svært og sårbart at tale om – vær med til at bryde tabuet!
"Barbora Surá, Kathrine Skibsted, Mikkel Lind Sorgenfrey & Sadaf Hayat",https://www.roskilde-festival.dk/da/years/2023/acts/barbora-sur%C3%A1-kathrine-skibsted-mikkel-lind-sorgenfrey-sadaf-hayat/,DK/CZ,Flokkr,13:00 Tirsdag 27. juni 2023,https://www.instagram.com/mikkelbaby/?hl=da,,"Bliv klogere på fast fashion og lær, hvordan du kan begrænse dit tøjforbrug"
Baum & Leahy,https://www.roskilde-festival.dk/da/years/2023/acts/baum-leahy/,DK/UK,Flokkr,Søndag 25. juni 2023,https://www.instagram.com/baumleahy,,Den prisvindende kunstnerduo genskaber FLOKKR-scenen som et verdensopbyggende tentakulært væsen
Betty Nansen,https://www.roskilde-festival.dk/da/years/2023/acts/betty-nansen/,DK,Platform,23:30 Fredag 30. juni 2023,https://www.instagram.com/bettynansenteatret/,,Flygt ind i en drømmeagtig glitrende skov ved Platform 
"Camilla Tved, Melissa Hartelius, Naima Yasin & Sol Wendel",https://www.roskilde-festival.dk/da/years/2023/acts/camilla-tved-melissa-hartelius-naima-yasin-sol-wendel/,DK,Flokkr,16:30 Søndag 25. juni 2023,https://www.instagram.com/roskildefestival/,,"Deltag i samtale om, hvordan vi skaber fremdrift for den seksuelle frigørelse uden at skabe nye negative normer"
Cern & Niels Bohr Institutet,https://www.roskilde-festival.dk/da/years/2023/acts/cern-niels-bohr-institutet/,DK/CH,Campsite,Søndag 25. juni 2023,https://www.instagram.com/cern/,,Videnskab som du aldrig før har oplevet det! 
Claudia Comte,https://www.roskilde-festival.dk/da/years/2023/acts/claudia-comte/,CH,Campsite,Søndag 25. juni 2023,http://instagram.com/claudiacomte,,Den internationale anerkendte kunstner vender tilbage på Roskilde Festival med værket Hot Saw – Power Edition 
Daria Blum,https://www.roskilde-festival.dk/da/years/2023/acts/daria-blum/,CH,Platform,23:00 Torsdag 29. juni 2023,https://www.instagram.com/dariabl,,Ny performance zoomer ind på iscenesættelsen af følelser og identitet i medier og popkultur
De Som Bär,https://www.roskilde-festival.dk/da/years/2023/acts/de-som-baer/,DK,"Destroy Me Once, Destroy Me Twice",15:00 Søndag 25. juni 2023,https://www.instagram.com/roskildefestival/,,Slå dig løs til det nordiske folkebal!  
Den Grønne Ungdomsbevægelse,https://www.roskilde-festival.dk/da/years/2023/acts/den-gr%C3%B8nne-ungdomsbev%C3%A6gelse/,,Flokkr,11:00 Søndag 25. juni 2023,https://www.instagram.com/dengroenneungdomsbevaegelse/?hl=da,,"Den Grønne Ungdomsbevægelse er et fællesskab af unge klimaaktivister, der kæmper for en mere retfærdig grøn og social fremtid. Midlet er klimaaktivistiske kampagner, demonstrationer og politisk arbejde. "
Dummy-Headline,https://www.roskilde-festival.dk/da/years/2023/acts/djgem-lucy-headburn-byjayr/,,Flokkr,11:00 Mandag 26. juni 2023,https://instagram.com/,,Nyd et meditativt lydbad af salige eufori-fremkaldende frekvenser
Driton Selmani,https://www.roskilde-festival.dk/da/years/2023/acts/driton-selmani/,INT,Festival Site,Onsdag 28. juni 2023,https://www.instagram.com/selmani.driton,,"Gennem en opvækst i et land, der ikke længere eksisterer, udfordrer Selmani vores tro på virkeligheden"
"Felix Thorsen Katzenelson, Glenn Bech & Gry Stokkendahl Dalgas",https://www.roskilde-festival.dk/da/years/2023/acts/felix-thorsen-katzenelson-glenn-bech-gry-stokkendahl-dalgas/,DK,Flokkr,13:00 Mandag 26. juni 2023,https://www.instagram.com/felsefelse/?hl=da%E2%80%AF%E2%80%AF,,Talk og workshop: Poetisk systemkritik 
Filip Vest,https://www.roskilde-festival.dk/da/years/2023/acts/filip-vest/,DK,Festival Site,Onsdag 28. juni 2023,https://www.instagram.com/filipvest,,Performancekunstner inviterer os ind i et univers af kærlighed og tab på tværs af arter og tid
Final Planet,https://www.roskilde-festival.dk/da/years/2023/acts/final-planet/,DK,"Destroy Me Once, Destroy Me Twice",16:00 Tirsdag 27. juni 2023,https://www.instagram.com/final.planet/,,Velkommen til rejsen gennem et grænseløst futuristisk univers 
Folkehuset Absalon,https://www.roskilde-festival.dk/da/years/2023/acts/folkehuset-absalon/,,"Destroy Me Once, Destroy Me Twice",13:00 Søndag 25. juni 2023,https://www.instagram.com/absaloncph/,,Deltag i whacking og linedance i nærværende dansefællesskab 
Global Kidz & World Dance Academy,https://www.roskilde-festival.dk/da/years/2023/acts/global-kidz-world-dance-academy/,DK,"Destroy Me Once, Destroy Me Twice",15:00 Mandag 26. juni 2023,https://www.instagram.com/roskildefestival/,,"Alle mennesker, foren jer – deltag i Culture Clashs dance battle og fest  "
"Helena Gualinga, Hilda Flavia Nakabuye, Luisa Neubauer & Selma Montgomery",https://www.roskilde-festival.dk/da/years/2023/acts/helena-gualinga-hilda-flavia-nakabuye-luisa-neubauer-selma-montgomery/,INT,Arena,12:00 Lørdag 1. juli 2023,https://www.instagram.com/roskildefestival/,,Mød nogle af klimakampens sejeste unge aktivister fra tre forskellige kontinenter
"Herlige Svend, Jalal Arabi, Lasse Dein & Maria Bülow",https://www.roskilde-festival.dk/da/years/2023/acts/herlige-svend-jalal-arabi-lasse-dein-maria-b%C3%BClow/,,Flokkr,16:30 Mandag 26. juni 2023,https://www.instagram.com/mariabuelow/?hl=da%E2%80%AF,,Hvad vil det sige at være maskulin i dag? Og hvorfor er begrebet egentlig (stadig) relevant at diskutere? Fire kendte stemmer mødes i en samtale om moderne maskulinitet og den moderne manderolle. 
Jon Chase,https://www.roskilde-festival.dk/da/years/2023/acts/jon-chase/,UK,Flokkr,20:00 Søndag 25. juni 2023,https://instagram.com/,,Britisk videnskabsrapper
Jules Fischer & Josefine Opsahl,https://www.roskilde-festival.dk/da/years/2023/acts/jules-fischer-josefine-opsahl/,DK,Platform,17:30 Onsdag 28. juni 2023,https://www.instagram.com/roskildefestival/,,To af tidens store kunstneriske talenter forener deres kræfter i intens og sanselig queer-performance
Katharina Grosse,https://www.roskilde-festival.dk/da/years/2023/acts/katharina-grosse/,DE,Campsite,Søndag 25. juni 2023,https://www.instagram.com/katharina_grosse/,,Enormt dansegulvsmaleri vender farverigt tilbage til Roskilde Festivals campingplads 
Kinga Bartis,https://www.roskilde-festival.dk/da/years/2023/acts/kinga-bartis/,RO,Festival Site,Onsdag 28. juni 2023,https://www.instagram.com/kinga_bartis,,"Drømmende malerier åbner for nye forståelser af køn, krop og seksualitet"
Lise Haller Baggesen,https://www.roskilde-festival.dk/da/years/2023/acts/lise-haller-baggesen/,DK,Festival Site,Onsdag 28. juni 2023,https://www.instagram.com/lisehallerbaggesen,,Farverige tekstiler transformerer Glorias rå industrihal til meditativt univers
Maja Malou Lyse & Esben Weile Kjær,https://www.roskilde-festival.dk/da/years/2023/acts/maja-malou-lyse-esben-weile-kj%C3%A6r/,DK,Festival Site,Onsdag 28. juni 2023,https://www.instagram.com/roskildefestival/,,To af de mest talentfulde danske kunstnere slår sig sammen på dette års festival
Maria Nørholm Ramouk,https://www.roskilde-festival.dk/da/years/2023/acts/maria-n%C3%B8rholm-ramouk/,DK/MA,Festival Site,Onsdag 28. juni 2023,https://www.instagram.com/maria.norholm.ramouk/,,Kunstner lægger en beskyttende hånd over dette års festivalgæster 
Marikiscrycrycry,https://www.roskilde-festival.dk/da/years/2023/acts/marikiscrycrycry/,UK/US,Platform,19:30 Onsdag 28. juni 2023,https://www.instagram.com/marikiscrycrycry,,Anerkendt kunstner og koreograf skaber nyt performanceværk til Roskilde Festival
Martin Creed,https://www.roskilde-festival.dk/da/years/2023/acts/martin-creed/,UK,Campsite,Søndag 25. juni 2023,https://www.instagram.com/martin_creed,,En prisvindende kunstner skaber lysende appel til årets festival med sit berømte kunstværk
Mellemfolkeligt Samvirke,https://www.roskilde-festival.dk/da/years/2023/acts/mellemfolkeligt-samvirke/,,Flokkr,18:00 Søndag 25. juni 2023,https://www.instagram.com/roskildefestival/,,"Mellemfolkeligt Samvirke kæmper for en mere retfærdig og bæredygtig verden uden diskrimination, klimakrise og fattigdom. Det gør de i Danmark og mere end 45 lande over hele verden"
Oxfam Danmark,https://www.roskilde-festival.dk/da/years/2023/acts/oxfam-danmark/,DK,Flokkr,14:00 Søndag 25. juni 2023,https://www.instagram.com/oxfamibis/,,"Hver dag kæmper millioner af fattige mennesker over hele verden for overlevelse og basale rettigheder. Oxfam Danmark arbejder for at afskaffe den samfundsskabte ulighed, som er årsag til dette. Det gør de med fokus på uddannelse, økonomisk ulighed, sociale rettigheder, fredsopbygning, humanitær bistand samt køns- og klimaretfærdighed "
Rapolitics,https://www.roskilde-festival.dk/da/years/2023/acts/rapolitics/,DK,Flokkr,18:00 Tirsdag 27. juni 2023,https://www.instagram.com/rapolitics/,,"Rapolitics hjælper unge med at få en stemme i politiske sager, der vedrører og påvirker deres verden og hverdag"
Regitze Engelsborg Karlsen,https://www.roskilde-festival.dk/da/years/2023/acts/regitze-engelsborg-karlsen/,DK,Festival Site,Onsdag 28. juni 2023,https://www.instagram.com/regitze_engelsborg_karlsen/,,Jorden under festivalen får sanseligt og poetisk udtryk ved Orange Scene 
Resonerende Rum,https://www.roskilde-festival.dk/da/years/2023/acts/resonerende-rum/,DK,Platform,11:30 Lørdag 1. juli 2023,https://www.instagram.com/resonating_rooms/,,The Sound of Every Day – Roskilde samler selve lyden af Roskilde Festival i et klingende lydportræt
"Sex & Samfund, Copenhagen Pride, Københavns Frie Promotere, Mino Ung & Rfsu",https://www.roskilde-festival.dk/da/years/2023/acts/sex-samfund-copenhagen-pride-k%C3%B8benhavns-frie-promotere-mino-ung-rfsu/,DK,Flokkr,16:30 Tirsdag 27. juni 2023,https://www.instagram.com/roskildefestival/,,"Kom til debat om diskrimination i det københavnske natteliv og om, hvordan vi skaber tryggere festivaler"
Snorre Elvin,https://www.roskilde-festival.dk/da/years/2023/acts/snorre-elvin/,,Platform,18:00 Torsdag 29. juni 2023,https://www.instagram.com/snorreeelvin/,,Danser og koreograf inviterer os til sin kontinuerlige vandrende forestilling på Platform
Sofie Riise Nors,https://www.roskilde-festival.dk/da/years/2023/acts/sofie-riise-nors/,DK,Flokkr,10:00 Søndag 25. juni 2023,https://www.instagram.com/sofieriisenors/,,"Kom til feministisk tegneworkshop, hvor du kan konfrontere din indre patriarkalske kritiker"
Sóley Ragnarsdóttir,https://www.roskilde-festival.dk/da/years/2023/acts/s%C3%B3ley-ragnarsd%C3%B3ttir/,DK/IS,Festival Site,Onsdag 28. juni 2023,https://www.instagram.com/soleygendary/,,10 meter langt servietmønster udfordrer værdien af kvinders arbejde
Tore Hallas,https://www.roskilde-festival.dk/da/years/2023/acts/tore-hallas/,DK,Festival Site,Onsdag 28. juni 2023,https://www.instagram.com/torehallas/,,"Tykhed og querness er i fokus, når kunstner stiller skarpt på kroppen  "
Trine Struwe,https://www.roskilde-festival.dk/da/years/2023/acts/trine-struwe/,DK,Festival Site,Onsdag 28. juni 2023,https://www.instagram.com/trinestruwe/,,Nyt kunstværk hjælper festivalgæsterne med at finde hinanden  
Turning Tables Danmark,https://www.roskilde-festival.dk/da/years/2023/acts/turning-tables-danmark/,DK,Flokkr,10:00 Søndag 25. juni 2023,https://www.instagram.com/turningtablesdanmark/,,"Turning Tables Danmark sparker døren ind til livsverdener, du måske ikke kender til, gennem koncerter, fotoudstillinger og en performance, der pisser dig af"
Verdensmål I Hænderne,https://www.roskilde-festival.dk/da/years/2023/acts/verdensm%C3%A5l-i-h%C3%A6nderne/,DK,Flokkr,10:00 Søndag 25. juni 2023,https://www.instagram.com/roskildefestival/,,Vær med til at sætte FN's Verdensmål og det globale syd på dagsordenen
