artist,url,artist_country,location,date_string,insta,spotify,rf_short_description,m_rating,l_rating,comment,emoji_beskrivelse,start_time,new_date_string,start_datetime
070 Shake,https://www.roskilde-festival.dk/da/years/2023/acts/070-shake/,US,ğŸš€ Apollo,20:00 Torsdag 29. juni 2023,https://www.instagram.com/070shake/,https://open.spotify.com/artist/12Zk1DFhCbHY6v3xep2ZjI,Amerikansk raptalent fornyer hiphoppen og gÃ¸r den futuristisk. ,ğŸ¤¡Wildcard, ,"well-produced pop but not really touching me. But there's a few electronic songs she's sung on, so this could get pretty wild",ğŸ¤ğŸ‡ºğŸ‡¸ğŸ’«ğŸš€,20:00,29jun 2023,2023-06-29 20:00:00+02:00
Abji_Hypersun Feat. Moraya,https://www.roskilde-festival.dk/da/years/2023/acts/abji_hypersun-feat-moraya/,DK,Platform,00:15 Onsdag 28. juni 2023,https://www.instagram.com/abji_hypersun/,https://open.spotify.com/artist/5t15kyeJJYD6BnJ6s8J1Rt?si=G6CO5FOoS460YUUNBfSy-A,"En drÃ¸mmende, teatralsk og radikal performance dedikeret til modstandens Ã¥nd ",ğŸ˜ŒTÃ¸mmermÃ¦ndsmusik, ,"det er lidt for funky til mig, det her", ,00:15,28jun 2023,2023-06-29 00:15:00+02:00
Aches,https://www.roskilde-festival.dk/da/years/2023/acts/aches/,IE,ğŸŸï¸ Festival Site,Onsdag 28. juni 2023,https://www.instagram.com/achesdub/,,Street-artist skaber en unik verden af farveudtryk pÃ¥ Roskilde Festival , , , , ,13:37,28jun 2023,2023-06-28 13:37:00+02:00
Adekunle Gold,https://www.roskilde-festival.dk/da/years/2023/acts/adekunle-gold/,NG,ğŸ‘© Eos,15:15 Fredag 30. juni 2023,https://www.instagram.com/adekunlegold/,https://open.spotify.com/artist/2IK173RXLiCSQ8fhDlAb3s,Nigerianske Adekunle Gold bygger bro mellem moderne pop og afrobeat.,ğŸ‘Ja,ğŸ‘Ja,smooth-chill afrikansk pop-hiphop, ,15:15,30jun 2023,2023-06-30 15:15:00+02:00
AdÃ©dÃ¨jÃ¬,https://www.roskilde-festival.dk/da/years/2023/acts/ad%C3%A9d%C3%A8j%C3%AC/,NG,ğŸï¸ Avalon,00:30 Fredag 30. juni 2023,https://www.instagram.com/adedejinfo/,https://open.spotify.com/artist/0oMrlKaHe7umhMhnx3NIP6?si=E-MnJD2kSsWmP-L9YJ8W1w,SjÃ¦lfuld musiker tager dig pÃ¥ groovy rejse gennem Lagos  , , , , ,00:30,30jun 2023,2023-07-01 00:30:00+02:00
Afskum,https://www.roskilde-festival.dk/da/years/2023/acts/afskum/,,ğŸ‘© Eos,17:30 LÃ¸rdag 1. juli 2023,https://www.instagram.com/afskumerfarlig/,https://open.spotify.com/playlist/5W0vbpdNlcuIw2N1S5Cr8C,Den kompromislÃ¸se sanger er klar til atter at rive tÃ¦ppet vÃ¦k under publikum med intenst show , , , , ,17:30,1jul 2023,2023-07-01 17:30:00+02:00
Agnes Hartwich,https://www.roskilde-festival.dk/da/years/2023/acts/agnes-hartwich/,DK,ğŸ‘© Eos,16:15 SÃ¸ndag 25. juni 2023,https://www.instagram.com/agneshartwich/?hl=da,https://open.spotify.com/artist/5dannHlHirCopWH6vT2DpX?si=ZktaXKJeQxesi90mJzbLEQ,Fremadstormende rockhÃ¥b sÃ¦tter strÃ¸m til ungdommens lÃ¦ngsel, , , , ,16:15,25jun 2023,2023-06-25 16:15:00+02:00
Aitch,https://www.roskilde-festival.dk/da/years/2023/acts/aitch/,UK,ğŸ‘© Eos,19:30 LÃ¸rdag 1. juli 2023,https://www.instagram.com/aitch/,https://open.spotify.com/artist/2PJEagPIxaBugeMjIyKVXF?si=_f9C3ehoRQik3whWPGR5gA,Ung engelsk komet forener fremadskuende rap med Manchesters legendariske musikarv, , , , ,19:30,1jul 2023,2023-07-01 19:30:00+02:00
Alex/Alexandra JÃ¶nsson,https://www.roskilde-festival.dk/da/years/2023/acts/alexalexandra-joensson/,DK,â›º Campsite,SÃ¸ndag 25. juni 2023,https://www.instagram.com/ajonssonstudio/,,Kunstner undersÃ¸ger adfÃ¦rd og omsorg i midlertidige festfÃ¦llesskaber  , , , , ,13:37,25jun 2023,2023-06-25 13:37:00+02:00
Alice Glass,https://www.roskilde-festival.dk/da/years/2023/acts/alice-glass/,CA,ğŸš€ Apollo,21:45 Fredag 30. juni 2023,https://www.instagram.com/_alice_glass/,https://open.spotify.com/artist/4ukk0IyB7vL97QirpOcNr3?si=AdqZaMijRFSXgZ55e_ylew,Personlige dÃ¦moner uddrives med gotisk synthpop.,ğŸ‘Ja,ğŸ¤¡Wildcard,hvis de spiller sent om aftenen kan vi godt tage til rave-party, ,21:45,30jun 2023,2023-06-30 21:45:00+02:00
"Angel Wei, Eliyah Mesayer & Stine Victoria",https://www.roskilde-festival.dk/da/years/2023/acts/angel-wei-eliyah-mesayer-stine-victoria/,DK/INT,Platform,14:45 LÃ¸rdag 1. juli 2023,https://www.instagram.com/roskildefestival/,,"Interaktiv performance, der flytter grÃ¦nserne for det synlige og det, der er", , , , ,14:45,1jul 2023,2023-07-01 14:45:00+02:00
Angstskrig,https://www.roskilde-festival.dk/da/years/2023/acts/angstskrig/,DK,ğŸŒ Gaia,20:00 Mandag 26. juni 2023,https://www.instagram.com/angstskrigofficial/,https://open.spotify.com/artist/6iNPyVa4pnZANbl6umJNUb?si=pFLXIK6pScuIvmsBW2vlzQ,Dansksproget black metal-duo med rÃ¥ nerve, , , , ,20:00,26jun 2023,2023-06-26 20:00:00+02:00
AngÃ©lique Kidjo,https://www.roskilde-festival.dk/da/years/2023/acts/ang%C3%A9lique-kidjo/,BJ,ğŸª Arena,19:30 LÃ¸rdag 1. juli 2023,https://www.instagram.com/angeliquekidjo/,https://open.spotify.com/artist/51qUDJb5AtQX6jIL4VJx6M,Afropop-legenden vender tilbage til Roskilde,ğŸ‘Ja, ,Lyder som noget der kunne vÃ¦re med i lÃ¸vernes konge, ,19:30,1jul 2023,2023-07-01 19:30:00+02:00
Animistic Beliefs,https://www.roskilde-festival.dk/da/years/2023/acts/animistic-beliefs/,NL,ğŸš€ Apollo,00:00 Fredag 30. juni 2023,https://www.instagram.com/animisticbeliefs/,https://open.spotify.com/artist/29S2cn8e5Hg0HuQxAuR2Sr?si=bPrk7dw6TreHi2OQ5L6kLg,"Techno, animisme og asiatiske klange smelter sammen i dekolonialiseret dansemusik ",ğŸ˜ŒTÃ¸mmermÃ¦ndsmusik, ,meh, ,00:00,30jun 2023,2023-07-01 00:00:00+02:00
Aperly High,https://www.roskilde-festival.dk/da/years/2023/acts/aperly-high/,DK,ğŸŒ Gaia,23:00 Mandag 26. juni 2023,https://www.instagram.com/aperlyhigh/,https://open.spotify.com/artist/6epKo2ka9bTo3E1AaHEq5o?si=bsC4laTPT8GASM8yxArkIQ,En hyperpoppet og punket hyldest til ungdommens ekstreme fÃ¸lelseshav , , , , ,23:00,26jun 2023,2023-06-26 23:00:00+02:00
Apparatus 22,https://www.roskilde-festival.dk/da/years/2023/acts/apparatus-22/,RO/BE,ğŸŸï¸ Festival Site,Onsdag 28. juni 2023,https://www.instagram.com/roskildefestival/,,Kunstnerkollektiv bruger hÃ¥b til kritisk at navigere i nutiden og fremtiden, , , , ,13:37,28jun 2023,2023-06-28 13:37:00+02:00
"Aram Ostadian-Binai, Babak Vakili, Liraz & Melodi Ghazal",https://www.roskilde-festival.dk/da/years/2023/acts/aram-ostadian-binai-babak-vakili-liraz-melodi-ghazal/,DK,ğŸï¸ Avalon,12:00 Fredag 30. juni 2023,https://www.instagram.com/liraz_naz/?hl=da,,Tre kunstnere med iranske rÃ¸dder fortÃ¦ller om musikkens betydning for den iranske kamp for frihed, , , , ,12:00,30jun 2023,2023-06-30 12:00:00+02:00
Armand Hammer,https://www.roskilde-festival.dk/da/years/2023/acts/armand-hammer/,US,ğŸ‘© Eos,20:45 Onsdag 28. juni 2023,https://www.instagram.com/armandhammernyc/,https://open.spotify.com/artist/3SCI7sXHUZIeDKMWC5NT9C?si=YZR2UxnVRQe7b4wxrqpWxw,Innovativ New Yorker-duo byder pÃ¥ Ã¦tsende og politisk rap,ğŸ˜ŒTÃ¸mmermÃ¦ndsmusik, ,chill jazz akkorder + rap, ,20:45,28jun 2023,2023-06-28 20:45:00+02:00
Artem,https://www.roskilde-festival.dk/da/years/2023/acts/artem/,,"â˜ ï¸ Destroy Me Once, Destroy Me Twice",17:00 SÃ¸ndag 25. juni 2023,https://www.instagram.com/artem.kbh/,,Ungt kunstnerkollektiv Ã¸ger bevidstheden om ligestilling gennem Party of Your Dreams , , , , ,17:00,25jun 2023,2023-06-25 17:00:00+02:00
Ash Olsen,https://www.roskilde-festival.dk/da/years/2023/acts/ash-olsen/,,ğŸ‘© Eos,16:15 Mandag 26. juni 2023,https://www.instagram.com/asholsen/,https://open.spotify.com/artist/0ttXrMwLh27nHwox4z8BYx?si=I-orpp30SiaqXg1Jz6Ur-g,Norges nye hiphop-stjerne favner bÃ¥de fÃ¸lsomme ballader og rÃ¥ attitude , , , , ,16:15,26jun 2023,2023-06-26 16:15:00+02:00
August HÃ¸yen,https://www.roskilde-festival.dk/da/years/2023/acts/august-h%C3%B8yen/,DK,ğŸ‘© Eos,14:45 Tirsdag 27. juni 2023,https://www.instagram.com/augusthoeyen/,https://open.spotify.com/artist/3nvGdNkcrq1IYHgJBw28Nm?si=sAvALVmsR1C54qK4mX1qwg,FÃ¸lsom sangskriver spreder kÃ¦rlighed med en blanding af R&B og folket sangskrivning , , , , ,14:45,27jun 2023,2023-06-27 14:45:00+02:00
August Rosenbaum,https://www.roskilde-festival.dk/da/years/2023/acts/august-rosenbaum/,,ğŸï¸ Gloria,21:30 Onsdag 28. juni 2023,https://www.instagram.com/augustrosenbaum_/?hl=en,https://open.spotify.com/artist/60jACvCiMkGWezYS8VZXQ4?si=qixV9XicTsivCeFs0c0haQ,AmbitiÃ¸s musikalsk ener pÃ¥ sjÃ¦lfuldt popeventyr  ,ğŸ¤¯JA!, ,ğŸ¹ğŸ¹ğŸ¹ğŸ¹ğŸ¹ jazz/pop + lots of featuring, ,21:30,28jun 2023,2023-06-28 21:30:00+02:00
Aunty Rayzor,https://www.roskilde-festival.dk/da/years/2023/acts/aunty-rayzor/,NG,ğŸï¸ Gloria,20:30 Fredag 30. juni 2023,https://www.instagram.com/auntyrayzor/,https://open.spotify.com/artist/2Fn2ztLqyHRiJw53gXonuz?si=Vd4SacbJS7O-e9_h4J9J5A,Fremadstormende nigeriansk rapper med barberbladskarp tunge ,ğŸ˜ŒTÃ¸mmermÃ¦ndsmusik, ,meh, ,20:30,30jun 2023,2023-06-30 20:30:00+02:00
Baby Volcano,https://www.roskilde-festival.dk/da/years/2023/acts/baby-volcano/,CH,Platform,21:15 Fredag 30. juni 2023,https://www.instagram.com/babyvolcano__/,https://open.spotify.com/artist/4v7IAW1zJCPQNdq3UpiDoU?si=Ff5w9kBIQ62SINZbRfL0zA,I en blanding af hedensk ritual og elektronisk musik lader Baby Volcano den soniske lava flyde ,ğŸ˜ŒTÃ¸mmermÃ¦ndsmusik, , , ,21:15,30jun 2023,2023-06-30 21:15:00+02:00
"Babyface Mo, Casper FrÃ¸kjÃ¦r, Nationalmuseet & Nima Tisdall",https://www.roskilde-festival.dk/da/years/2023/acts/babyface-mo-casper-fr%C3%B8kj%C3%A6r-nationalmuseet-nima-tisdall/,DK,ğŸ“£ Flokkr,12:30 SÃ¸ndag 25. juni 2023,https://www.instagram.com/roskildefestival/,,PrivatÃ¸konomi kan vÃ¦re svÃ¦rt og sÃ¥rbart at tale om â€“ vÃ¦r med til at bryde tabuet!, , , , ,12:30,25jun 2023,2023-06-25 12:30:00+02:00
Backxwash,https://www.roskilde-festival.dk/da/years/2023/acts/backxwash/,ZM/CA,ğŸï¸ Gloria,22:30 Fredag 30. juni 2023,https://www.instagram.com/backxwash/,https://open.spotify.com/artist/4du3q8TIzsZxZZKdRT23Jg?si=5Z8m-tAmTQy_3NpqfLwlyA&dl_branch=1,Zambiansk-canadisk queer-kunstner kalder til modstand med brutal blanding af hiphop og metal ,ğŸ’€Nej, ,hiphop/metal, ,22:30,30jun 2023,2023-06-30 22:30:00+02:00
Bala Desejo,https://www.roskilde-festival.dk/da/years/2023/acts/bala-desejo/,BR,ğŸŒ Gaia,21:00 Onsdag 28. juni 2023,https://www.instagram.com/baladesejo/,https://open.spotify.com/artist/4MF1QlpuvKRIfkmfOA4DrH?si=BtZhv8CwSC6cCsQ95hmvlQ,Ung Rio de Janeiro-kvartet viser nye veje for tropicÃ¡lia.,ğŸ‘Ja, ,"Movie-esque quality; when the protagonist has just succeded big-time in the middle of the movie, and is looked up to by everyone in Rio De Jainero", ,21:00,28jun 2023,2023-06-28 21:00:00+02:00
Baloosh,https://www.roskilde-festival.dk/da/years/2023/acts/baloosh/,,ğŸ‘© Eos,20:45 SÃ¸ndag 25. juni 2023,https://www.instagram.com/its_baloosh/,https://open.spotify.com/artist/5IpqfN8Pqjy89nj1IfuOXC?si=Xr9N6dOfQum7SUXWq-T2CQ,Rap-hÃ¥b fra Aarhus V leverer rÃ¥ fortÃ¦llinger med en dramatisk vokal , , , , ,20:45,25jun 2023,2023-06-25 20:45:00+02:00
"Barbora SurÃ¡, Kathrine Skibsted, Mikkel Lind Sorgenfrey & Sadaf Hayat",https://www.roskilde-festival.dk/da/years/2023/acts/barbora-sur%C3%A1-kathrine-skibsted-mikkel-lind-sorgenfrey-sadaf-hayat/,DK/CZ,ğŸ“£ Flokkr,13:00 Tirsdag 27. juni 2023,https://www.instagram.com/mikkelbaby/?hl=da,,"Bliv klogere pÃ¥ fast fashion og lÃ¦r, hvordan du kan begrÃ¦nse dit tÃ¸jforbrug", , , , ,13:00,27jun 2023,2023-06-27 13:00:00+02:00
Baum & Leahy,https://www.roskilde-festival.dk/da/years/2023/acts/baum-leahy/,DK/UK,ğŸ“£ Flokkr,SÃ¸ndag 25. juni 2023,https://www.instagram.com/baumleahy,,Den prisvindende kunstnerduo genskaber FLOKKR-scenen som et verdensopbyggende tentakulÃ¦rt vÃ¦sen, , , , ,13:37,25jun 2023,2023-06-25 13:37:00+02:00
Benny Jamz,https://www.roskilde-festival.dk/da/years/2023/acts/benny-jamz/,DK,ğŸ‘© Eos,17:15 Onsdag 28. juni 2023,https://www.instagram.com/bennyjamzlive/,https://open.spotify.com/artist/2eBqkaIfoNsOPCQCQEy5fD?si=sqKet_thTq2qS0TNhG9Q8w,Rapperen fra B.O.C-kollektivet indtager Roskilde med sit skÃ¦ve sproglige univers,ğŸ¤¡Wildcard, ,sikkert vild stemning til koncerten. Lidt for generisk autotune-dancehall-hiphop ish til mig,ğŸ¤ğŸ§ğŸ”¥ğŸ“,17:15,28jun 2023,2023-06-28 17:15:00+02:00
Betty Nansen,https://www.roskilde-festival.dk/da/years/2023/acts/betty-nansen/,DK,Platform,23:30 Fredag 30. juni 2023,https://www.instagram.com/bettynansenteatret/,,Flygt ind i en drÃ¸mmeagtig glitrende skov ved Platform , , , , ,23:30,30jun 2023,2023-06-30 23:30:00+02:00
Big Freedia,https://www.roskilde-festival.dk/da/years/2023/acts/big-freedia/,US,ğŸ‘© Eos,00:30 LÃ¸rdag 1. juli 2023,https://www.instagram.com/bigfreedia/,https://open.spotify.com/artist/2gyv1akuIB9fQvXoGSPaJr?si=257043ae9ffd4da9,Dronningen af bounce-hiphop kommer til Roskilde Festival!,ğŸ¤¡Wildcard, ,major lazer vibe,ğŸ‘‘ğŸ¤ğŸ¶ğŸ•º,00:30,1jul 2023,2023-07-02 00:30:00+02:00
Big Joanie,https://www.roskilde-festival.dk/da/years/2023/acts/big-joanie/,UK,ğŸŒ Gaia,19:15 Onsdag 28. juni 2023,https://www.instagram.com/bigjoanieband/,https://open.spotify.com/artist/39cxr26gqrCiUgIkz4lA8j?si=1fuDQ9qdSKmR_W0fba1a8Q,"Sort, feministisk punk med plads til bÃ¥de synths og soul ",ğŸ˜ŒTÃ¸mmermÃ¦ndsmusik, ,punk, ,19:15,28jun 2023,2023-06-28 19:15:00+02:00
Biig Piig,https://www.roskilde-festival.dk/da/years/2023/acts/biig-piig/,IE,ğŸ‘© Eos,23:15 Onsdag 28. juni 2023,https://www.instagram.com/biig_piig/,https://open.spotify.com/artist/4GoD5FJCgC0lbzde7ly44M,"Soul, pop og hiphop i sensuel og solbeskinnet blanding ",ğŸ‘Ja, ,r&b pop hot girl summer anthem, ,23:15,28jun 2023,2023-06-28 23:15:00+02:00
Billy Woods,https://www.roskilde-festival.dk/da/years/2023/acts/billy-woods/,US,ğŸ‘© Eos,21:30 Onsdag 28. juni 2023,https://www.instagram.com/roskildefestival/,https://open.spotify.com/artist/39vtb2iiz3079nqfL5nfFc?si=Aswh_AieQFakmAqRsnELDg,"Solo-optrÃ¦den fra den eksperimenterende rapper, der ogsÃ¥ optrÃ¦der med Armand Hammer",ğŸ˜ŒTÃ¸mmermÃ¦ndsmusik, ,hiphop med dybe tekster men lidt for slow vibe til mig, ,21:30,28jun 2023,2023-06-28 21:30:00+02:00
"Black Country, New Road",https://www.roskilde-festival.dk/da/years/2023/acts/black-country-new-road/,UK,ğŸª Arena,15:15 LÃ¸rdag 1. juli 2023,https://www.instagram.com/blackcountrynewroad/?hl=en,https://open.spotify.com/artist/3PP6ghmOlDl2jaKaH0avUN,Forrygende engelsk orkester bringer den eksperimenterende rock ind i nye og forunderlige egne, , , , ,15:15,1jul 2023,2023-07-01 15:15:00+02:00
Blur,https://www.roskilde-festival.dk/da/years/2023/acts/blur/,UK,ğŸŸ  Orange,22:30 Fredag 30. juni 2023,https://www.instagram.com/blurofficial/,https://open.spotify.com/artist/7MhMgCo0Bl0Kukl93PZbYS?si=-pGfUtHkQJ27_6fVuSFg9w,Den ikoniske britiske kvartet vender endelig tilbage til Orange Scene.,ğŸ‘Ja,ğŸ˜ŒTÃ¸mmermÃ¦ndsmusik, , ,22:30,30jun 2023,2023-06-30 22:30:00+02:00
BlÃ¦st,https://www.roskilde-festival.dk/da/years/2023/acts/bl%C3%A6st/,DK,ğŸŸ  Orange,18:30 Onsdag 28. juni 2023,https://www.instagram.com/blaestband/,https://open.spotify.com/artist/3elCsuJ1JjDeAd8mjlRRX5?si=qGDAPPyfR02rLOQTn7g-0g,En brusende sommervind af forelsket dansk popmusik Ã¥bner Orange Scene ,ğŸ˜ŒTÃ¸mmermÃ¦ndsmusik, ,pop pop pop pop ppo popppoo pop op op o po popop , ,18:30,28jun 2023,2023-06-28 18:30:00+02:00
BlÃ¦st,https://www.roskilde-festival.dk/da/years/2023/acts/bl%C3%A6st/,DK,ğŸŸ  Orange,18:30 Onsdag 28. juni 2023,https://www.instagram.com/blaestband/,https://open.spotify.com/artist/3elCsuJ1JjDeAd8mjlRRX5?si=qGDAPPyfR02rLOQTn7g-0g,En brusende sommervind af forelsket dansk popmusik Ã¥bner Orange Scene ,ğŸ˜ŒTÃ¸mmermÃ¦ndsmusik, ,pop pop pop pop ppo popppoo pop op op o po popop , ,18:30,28jun 2023,2023-06-28 18:30:00+02:00
Body Type,https://www.roskilde-festival.dk/da/years/2023/acts/body-type/,AU,ğŸŒ Gaia,16:00 Fredag 30. juni 2023,https://www.instagram.com/bodytypeband/,https://open.spotify.com/artist/2gOqvEhTe5TjetSBfivC4D?si=zePv1UaSSLGWkFZZlOoDBw,Knivskarp post-punk fra fremadstormende australsk kvartet,ğŸ’€Nej,ğŸ’€Nej,joan jett wannabe, ,16:00,30jun 2023,2023-06-30 16:00:00+02:00
Brimheim,https://www.roskilde-festival.dk/da/years/2023/acts/brimheim/,DK,ğŸï¸ Avalon,23:30 Onsdag 28. juni 2023,https://www.instagram.com/brimheim/,https://open.spotify.com/artist/2ROf9t2bzHTnVuf8btRd5J?si=1yO9QDIrSz6UAP4HpKPXwg,Med nyt album under opsejling indtager den hudlÃ¸se indie-sangerinde Roskilde,ğŸ‘Ja, ,"INDIE. GrÃ¦nsende til ""Hvis ikke vi har andet at bruge tÃ¸mmermÃ¦ndende pÃ¥""", ,23:30,28jun 2023,2023-06-28 23:30:00+02:00
Bru-C,https://www.roskilde-festival.dk/da/years/2023/acts/bru-c/,UK,ğŸš€ Apollo,02:30 Fredag 30. juni 2023,https://www.instagram.com/iambru_uk,https://open.spotify.com/artist/7GDrXlpRrdG29o4n0pNR5D,Fremtidens mand i engelsk hiphop inviterer til kÃ¦mpe klubfest. ,ğŸ˜ŒTÃ¸mmermÃ¦ndsmusik,ğŸ¤¡Wildcard,Ã¦Ã¦hhhh hiphop d&b mÃ¥ske fed fest??, ,02:30,30jun 2023,2023-07-01 02:30:00+02:00
Burna Boy,https://www.roskilde-festival.dk/da/years/2023/acts/burna-boy/,NG,ğŸŸ  Orange,01:00 Torsdag 29. juni 2023,https://www.instagram.com/burnaboygram,https://open.spotify.com/artist/3wcj11K77LjEY1PkEazffa,Nigeriansk superstjerne kommer til Roskilde Festival med spektakulÃ¦rt liveshow. ,ğŸ‘Ja,ğŸ‘Ja,african flavour slow hiphop, ,01:00,29jun 2023,2023-06-30 01:00:00+02:00
Busta Rhymes,https://www.roskilde-festival.dk/da/years/2023/acts/busta-rhymes/,US,ğŸŸ  Orange,17:00 Torsdag 29. juni 2023,https://www.instagram.com/bustarhymes/,https://open.spotify.com/artist/1YfEcTuGvBQ8xSD1f53UnK?si=mGnCIYANQiO4MS0SmBmf-A,Legendarisk rapper rammer Roskilde med klassikere og vitalt nyt materiale ,ğŸ¤¯JA!,ğŸ˜ŒTÃ¸mmermÃ¦ndsmusik,"Break your fucking neck, bitches!", ,17:00,29jun 2023,2023-06-29 17:00:00+02:00
"Camilla Tved, Melissa Hartelius, Naima Yasin & Sol Wendel",https://www.roskilde-festival.dk/da/years/2023/acts/camilla-tved-melissa-hartelius-naima-yasin-sol-wendel/,DK,ğŸ“£ Flokkr,16:30 SÃ¸ndag 25. juni 2023,https://www.instagram.com/roskildefestival/,,"Deltag i samtale om, hvordan vi skaber fremdrift for den seksuelle frigÃ¸relse uden at skabe nye negative normer", , , , ,16:30,25jun 2023,2023-06-25 16:30:00+02:00
Candy,https://www.roskilde-festival.dk/da/years/2023/acts/candy/,US,ğŸŒ Gaia,02:00 Fredag 30. juni 2023,https://www.instagram.com/candygonnadie/,https://open.spotify.com/artist/4oWlenweHbPcDXKvyNUbBl?si=RnMB4Sc6SH-59dNkVxgNYw,"Forvent ingen sÃ¸dme, nÃ¥r Candy trÃ¦kker dig gennem et stÃ¸jende sÃ¸le",ğŸ’€Nej,ğŸ’€Nej,big fat no, ,02:00,30jun 2023,2023-07-01 02:00:00+02:00
Caroline,https://www.roskilde-festival.dk/da/years/2023/acts/caroline/,UK,ğŸï¸ Gloria,14:30 Fredag 30. juni 2023,https://www.instagram.com/carolinetheband/,https://open.spotify.com/artist/2e74MUhJZSeg2Goe2UUAj3?si=u3orxiUoQEqrP8MvjdKAoQ,Smukke atmosfÃ¦rer og minimalistiske folk-meditationer fra engelsk kollektiv , , , , ,14:30,30jun 2023,2023-06-30 14:30:00+02:00
Caroline Polachek,https://www.roskilde-festival.dk/da/years/2023/acts/caroline-polachek/,US,ğŸª Arena,17:30 LÃ¸rdag 1. juli 2023,https://www.instagram.com/carolineplz,https://open.spotify.com/artist/4Ge8xMJNwt6EEXOzVXju9a?si=Dm5MHyRcTWuI1KcW1kZjwQ,Velkommen til Caroline Polacheks sensuelle og magiske pop-Ã¸rige,ğŸ‘Ja, ,Rimelig standard men god pop, ,17:30,1jul 2023,2023-07-01 17:30:00+02:00
Central Cee,https://www.roskilde-festival.dk/da/years/2023/acts/central-cee/,UK,ğŸª Arena,23:45 Torsdag 29. juni 2023,https://www.instagram.com/central__cee__/,https://open.spotify.com/artist/5H4yInM5zmHqpKIoMNAx4r?si=2dfiUBoYSRKkyUYiaCZVSw,Hypet engelsk rapper og drill-stjerne indtager Roskilde med sit stÃ¦rke flow,ğŸ¤¡Wildcard, ,london hiphop med populr samples,ğŸ¤ğŸ‡¬ğŸ‡§ğŸ’ªğŸ”¥,23:45,29jun 2023,2023-06-29 23:45:00+02:00
Cern & Niels Bohr Institutet,https://www.roskilde-festival.dk/da/years/2023/acts/cern-niels-bohr-institutet/,DK/CH,â›º Campsite,SÃ¸ndag 25. juni 2023,https://www.instagram.com/cern/,,Videnskab som du aldrig fÃ¸r har oplevet det! , , , , ,13:37,25jun 2023,2023-06-25 13:37:00+02:00
Charlotte AdigÃ©ry & Bolis Pupul,https://www.roskilde-festival.dk/da/years/2023/acts/charlotte-adig%C3%A9ry-bolis-pupul/,BE,ğŸ‘© Eos,22:00 LÃ¸rdag 1. juli 2023,http://instagram.com/adigerwww,https://open.spotify.com/artist/0h1gX589xBKUCijeC8Bewy?si=f9eCgUqQSv-wSBh-1uSgiQ,Original duo dekonstruerer patriarkatet med syret og sarkastisk elektropop-show , , , , ,22:00,1jul 2023,2023-07-01 22:00:00+02:00
Chat Pile,https://www.roskilde-festival.dk/da/years/2023/acts/chat-pile/,,ğŸï¸ Gloria,19:30 Onsdag 28. juni 2023,https://www.instagram.com/chatpileband/,https://open.spotify.com/artist/4yRSUmhuSJ3KcIMljdh4fH?si=NLbv-YnmS1evdPzB_uZksA,Ã†tsende civilisationskritik badet i blodig stÃ¸jrock og knusende sludge ,ğŸ’€Nej, ,tung metal, ,19:30,28jun 2023,2023-06-28 19:30:00+02:00
Christine And The Queens,https://www.roskilde-festival.dk/da/years/2023/acts/christine-and-the-queens/,FR,ğŸŸ  Orange,01:00 Fredag 30. juni 2023,https://www.instagram.com/christineandthequeens,https://open.spotify.com/artist/04vj3iPUiVh5melWr0w3xT,Fransk popstjerne vender tilbage til Dyrskuepladsen med overdÃ¥digt liveshow. ,ğŸ‘Ja,ğŸ¤¯JA!, , ,01:00,30jun 2023,2023-07-01 01:00:00+02:00
Chupame El Dedo,https://www.roskilde-festival.dk/da/years/2023/acts/chupame-el-dedo/,,ğŸŒ Gaia,02:15 Torsdag 29. juni 2023,https://www.instagram.com/chupameeldedo/,https://open.spotify.com/artist/4xuTb7SFiVkESJFuxFk9Qb?si=tsQyhQk4SVyO3zkH0-amow,KutteklÃ¦dte satantilbedere med hang til tropiske rytmer ,ğŸ¤¡Wildcard,ğŸ¤¡Wildcard,LSD + tequila = det her musik,ğŸ‘¹ğŸ¸ğŸ¶ğŸï¸,02:15,29jun 2023,2023-06-30 02:15:00+02:00
Clarissa Connelly'S Canons,https://www.roskilde-festival.dk/da/years/2023/acts/clarissa-connellys-canons/,DK,Platform,12:00 Torsdag 29. juni 2023,https://www.instagram.com/clarissa.connelly/,https://open.spotify.com/artist/5YTJVNTfb9qDXATTlzuR5S?si=pIzOLU4FSJGIGka0s8yFCg,Clarissa Connelly forbinder folkemusik og fornyelse i tre sÃ¦rlige seancer,ğŸ˜ŒTÃ¸mmermÃ¦ndsmusik,ğŸ˜ŒTÃ¸mmermÃ¦ndsmusik,very special uh. pop? celtic folk pop. Playing 3 shows, ,12:00,29jun 2023,2023-06-29 12:00:00+02:00
Clarissa Connelly'S Canons,https://www.roskilde-festival.dk/da/years/2023/acts/clarissa-connellys-canons/,DK,Platform,12:00 Torsdag 29. juni 2023,https://www.instagram.com/clarissa.connelly/,https://open.spotify.com/artist/5YTJVNTfb9qDXATTlzuR5S?si=pIzOLU4FSJGIGka0s8yFCg,Clarissa Connelly forbinder folkemusik og fornyelse i tre sÃ¦rlige seancer,ğŸ˜ŒTÃ¸mmermÃ¦ndsmusik,ğŸ˜ŒTÃ¸mmermÃ¦ndsmusik,very special uh. pop? celtic folk pop. Playing 3 shows. Spis frokost med det her i baggrunden, ,12:00,29jun 2023,2023-06-29 12:00:00+02:00
Clarissa Connelly'S Canons,https://www.roskilde-festival.dk/da/years/2023/acts/clarissa-connellys-canons/,DK,Platform,12:00 Torsdag 29. juni 2023,https://www.instagram.com/clarissa.connelly/,https://open.spotify.com/artist/5YTJVNTfb9qDXATTlzuR5S?si=pIzOLU4FSJGIGka0s8yFCg,Clarissa Connelly forbinder folkemusik og fornyelse i tre sÃ¦rlige seancer,ğŸ˜ŒTÃ¸mmermÃ¦ndsmusik,ğŸ˜ŒTÃ¸mmermÃ¦ndsmusik,very special uh. pop? celtic folk pop. Playing 3 shows, ,12:00,29jun 2023,2023-06-29 12:00:00+02:00
Clarissa Connelly'S Canons,https://www.roskilde-festival.dk/da/years/2023/acts/clarissa-connellys-canons/,DK,Platform,12:00 Torsdag 29. juni 2023,https://www.instagram.com/clarissa.connelly/,https://open.spotify.com/artist/5YTJVNTfb9qDXATTlzuR5S?si=pIzOLU4FSJGIGka0s8yFCg,Clarissa Connelly forbinder folkemusik og fornyelse i tre sÃ¦rlige seancer,ğŸ˜ŒTÃ¸mmermÃ¦ndsmusik,ğŸ˜ŒTÃ¸mmermÃ¦ndsmusik,very special uh. pop? celtic folk pop. Playing 3 shows, ,12:00,29jun 2023,2023-06-29 12:00:00+02:00
Clarissa Connelly'S Canons,https://www.roskilde-festival.dk/da/years/2023/acts/clarissa-connellys-canons/,DK,Platform,12:00 Torsdag 29. juni 2023,https://www.instagram.com/clarissa.connelly/,https://open.spotify.com/artist/5YTJVNTfb9qDXATTlzuR5S?si=pIzOLU4FSJGIGka0s8yFCg,Clarissa Connelly forbinder folkemusik og fornyelse i tre sÃ¦rlige seancer,ğŸ˜ŒTÃ¸mmermÃ¦ndsmusik,ğŸ˜ŒTÃ¸mmermÃ¦ndsmusik,very special uh. pop? celtic folk pop. Playing 3 shows. Spis frokost med det her i baggrunden, ,12:00,29jun 2023,2023-06-29 12:00:00+02:00
Clarissa Connelly'S Canons,https://www.roskilde-festival.dk/da/years/2023/acts/clarissa-connellys-canons/,DK,Platform,12:00 Torsdag 29. juni 2023,https://www.instagram.com/clarissa.connelly/,https://open.spotify.com/artist/5YTJVNTfb9qDXATTlzuR5S?si=pIzOLU4FSJGIGka0s8yFCg,Clarissa Connelly forbinder folkemusik og fornyelse i tre sÃ¦rlige seancer,ğŸ˜ŒTÃ¸mmermÃ¦ndsmusik,ğŸ˜ŒTÃ¸mmermÃ¦ndsmusik,very special uh. pop? celtic folk pop. Playing 3 shows, ,12:00,29jun 2023,2023-06-29 12:00:00+02:00
Clarissa Connelly'S Canons,https://www.roskilde-festival.dk/da/years/2023/acts/clarissa-connellys-canons/,DK,Platform,12:00 Torsdag 29. juni 2023,https://www.instagram.com/clarissa.connelly/,https://open.spotify.com/artist/5YTJVNTfb9qDXATTlzuR5S?si=pIzOLU4FSJGIGka0s8yFCg,Clarissa Connelly forbinder folkemusik og fornyelse i tre sÃ¦rlige seancer,ğŸ˜ŒTÃ¸mmermÃ¦ndsmusik,ğŸ˜ŒTÃ¸mmermÃ¦ndsmusik,very special uh. pop? celtic folk pop. Playing 3 shows, ,12:00,29jun 2023,2023-06-29 12:00:00+02:00
Clarissa Connelly'S Canons,https://www.roskilde-festival.dk/da/years/2023/acts/clarissa-connellys-canons/,DK,Platform,12:00 Torsdag 29. juni 2023,https://www.instagram.com/clarissa.connelly/,https://open.spotify.com/artist/5YTJVNTfb9qDXATTlzuR5S?si=pIzOLU4FSJGIGka0s8yFCg,Clarissa Connelly forbinder folkemusik og fornyelse i tre sÃ¦rlige seancer,ğŸ˜ŒTÃ¸mmermÃ¦ndsmusik,ğŸ˜ŒTÃ¸mmermÃ¦ndsmusik,very special uh. pop? celtic folk pop. Playing 3 shows. Spis frokost med det her i baggrunden, ,12:00,29jun 2023,2023-06-29 12:00:00+02:00
Clarissa Connelly'S Canons,https://www.roskilde-festival.dk/da/years/2023/acts/clarissa-connellys-canons/,DK,Platform,12:00 Torsdag 29. juni 2023,https://www.instagram.com/clarissa.connelly/,https://open.spotify.com/artist/5YTJVNTfb9qDXATTlzuR5S?si=pIzOLU4FSJGIGka0s8yFCg,Clarissa Connelly forbinder folkemusik og fornyelse i tre sÃ¦rlige seancer,ğŸ˜ŒTÃ¸mmermÃ¦ndsmusik,ğŸ˜ŒTÃ¸mmermÃ¦ndsmusik,very special uh. pop? celtic folk pop. Playing 3 shows, ,12:00,29jun 2023,2023-06-29 12:00:00+02:00
Claudia Comte,https://www.roskilde-festival.dk/da/years/2023/acts/claudia-comte/,CH,â›º Campsite,SÃ¸ndag 25. juni 2023,http://instagram.com/claudiacomte,,Den internationale anerkendte kunstner vender tilbage pÃ¥ Roskilde Festival med vÃ¦rket Hot Saw â€“ Power Edition , , , , ,13:37,25jun 2023,2023-06-25 13:37:00+02:00
Coco Em,https://www.roskilde-festival.dk/da/years/2023/acts/coco-em/,KE,ğŸš€ Apollo,19:00 Fredag 30. juni 2023,https://www.instagram.com/cocoem__/,https://open.spotify.com/artist/3FahF8OhHNaw7OJRfEPy9x?si=tJ_MQhcISse0sYECHRoQww,"Kenyansk DJ forener det personlige, det politiske og det dansable ",ğŸ˜ŒTÃ¸mmermÃ¦ndsmusik, ,lettere drÃ¸mmende techno agtigt, ,19:00,30jun 2023,2023-06-30 19:00:00+02:00
Code Orange,https://www.roskilde-festival.dk/da/years/2023/acts/code-orange/,US,ğŸï¸ Avalon,20:00 Fredag 30. juni 2023,https://www.instagram.com/codeorangetoth/,https://open.spotify.com/artist/6qtECqesbU29iftyeWmldK?si=AdPOr88yRYuaqX-XOpXL8Q,Hardcore-katarsis mellem stÃ¸jende kaos og medrivende sange,ğŸ’€Nej,ğŸ’€Nej, , ,20:00,30jun 2023,2023-06-30 20:00:00+02:00
Courtney Marie Andrews,https://www.roskilde-festival.dk/da/years/2023/acts/courtney-marie-andrews/,US,ğŸï¸ Avalon,13:15 Torsdag 29. juni 2023,https://www.instagram.com/courtneymarieandrews/,https://open.spotify.com/artist/1EI0B66miJj5Fl408B7E9H?si=Lhk-wUJKTBuewc5cwXFewg,"LÃ¦ngsel, nÃ¦rvÃ¦r og et stÃ¦rkt greb om den amerikanske folk-tradition ",ğŸ˜ŒTÃ¸mmermÃ¦ndsmusik, ,lÃ¦kker stille og roligt - first aid kit ish, ,13:15,29jun 2023,2023-06-29 13:15:00+02:00
D-Block Europe,https://www.roskilde-festival.dk/da/years/2023/acts/d-block-europe/,,ğŸª Arena,20:30 Fredag 30. juni 2023,https://www.instagram.com/dblock_europe/,https://open.spotify.com/playlist/5W0vbpdNlcuIw2N1S5Cr8C,UK drill-duo med fuld fart mod stjernerne ,ğŸ‘Ja, ,fed hiphop fest, ,20:30,30jun 2023,2023-06-30 20:30:00+02:00
D1Ma,https://www.roskilde-festival.dk/da/years/2023/acts/d1ma/,DK,ğŸª Arena,02:00 Fredag 30. juni 2023,https://www.instagram.com/d1ma.n1/,https://open.spotify.com/artist/5RaTuqY7SJHvh6MNzMagut?si=rxQ9yC6kQTyauko-vv2adw,Mystisk og maskebÃ¦rende rapper med overvÃ¦ldende hits,ğŸ¤¡Wildcard, ,elektronisk hip-hop dansk,ğŸ¤ğŸ­ğŸµğŸ¶,02:00,30jun 2023,2023-07-01 02:00:00+02:00
Dal:Um,https://www.roskilde-festival.dk/da/years/2023/acts/dalum/,KR,Platform,16:15 Torsdag 29. juni 2023,https://www.instagram.com/dal__um/,https://open.spotify.com/artist/4DE7afkjFxYier8CkuQUJb?si=h0BgYjr3SG6yQuUujUuOYw,Imponerende koreanske strengeinstrumenter finder nye poetiske veje hos enestÃ¥ende duo ,ğŸ˜ŒTÃ¸mmermÃ¦ndsmusik, , , ,16:15,29jun 2023,2023-06-29 16:15:00+02:00
Danmarks Underholdningsorkester,https://www.roskilde-festival.dk/da/years/2023/acts/danmarks-underholdningsorkester/,DK,Platform,13:30 Torsdag 29. juni 2023,https://www.instagram.com/dkunderholdningsorkester/,https://open.spotify.com/playlist/5W0vbpdNlcuIw2N1S5Cr8C,Kom helt tÃ¦t pÃ¥ den klassiske musiks stÃ¸rste komponister formidlet af sublim strygerkvartet, , , , ,13:30,29jun 2023,2023-06-29 13:30:00+02:00
Daria Blum,https://www.roskilde-festival.dk/da/years/2023/acts/daria-blum/,CH,Platform,23:00 Torsdag 29. juni 2023,https://www.instagram.com/dariabl,,Ny performance zoomer ind pÃ¥ iscenesÃ¦ttelsen af fÃ¸lelser og identitet i medier og popkultur, , , , ,23:00,29jun 2023,2023-06-29 23:00:00+02:00
De Som BÃ¤r,https://www.roskilde-festival.dk/da/years/2023/acts/de-som-baer/,DK,"â˜ ï¸ Destroy Me Once, Destroy Me Twice",15:00 SÃ¸ndag 25. juni 2023,https://www.instagram.com/roskildefestival/,,SlÃ¥ dig lÃ¸s til det nordiske folkebal!  , , , , ,15:00,25jun 2023,2023-06-25 15:00:00+02:00
Deaf Club,https://www.roskilde-festival.dk/da/years/2023/acts/deaf-club/,US,ğŸï¸ Gloria,18:30 LÃ¸rdag 1. juli 2023,https://www.instagram.com/deafclubband/,https://open.spotify.com/artist/1GHsH4VNAKT2b7lBnppmFx?si=K_1spsQLR3y56os7hvmAXw,Brutal supergruppe med legendariske Justin Pearson i front leverer voldsomt hardcore-angreb,ğŸ’€Nej, ,ğŸ¤® punk, ,18:30,1jul 2023,2023-07-01 18:30:00+02:00
Debbie Sings,https://www.roskilde-festival.dk/da/years/2023/acts/debbie-sings/,DK,ğŸš€ Apollo,22:00 Onsdag 28. juni 2023,https://www.instagram.com/xxdebbie_singsxx/,https://open.spotify.com/artist/5xrpKIIiDNRsPVOi0nYlkW?si=nA21diZPQMOVmq1yn1sZqg,En maksimalistisk eksplosion af hyperpop og punket attitude.,ğŸ¤¡Wildcard,ğŸ˜ŒTÃ¸mmermÃ¦ndsmusik,weirrddd voice effekt men kan sikkert vÃ¦re en fed fest,ğŸµğŸ¸ğŸ’¥ğŸ¤˜,22:00,28jun 2023,2023-06-28 22:00:00+02:00
Dejah Makar,https://www.roskilde-festival.dk/da/years/2023/acts/dejah-makar/,DK,ğŸŒ Gaia,21:30 SÃ¸ndag 25. juni 2023,https://www.instagram.com/dejahmakar/,https://open.spotify.com/artist/2sCB44iih7Oa1kQqfsedHz?si=fBrgfOJOTWOv3VN8E690wg,Global og futuristisk popmusik og rapkÃ¦ftet poesi fra dansk-egyptisk sangerinde , , , , ,21:30,25jun 2023,2023-06-25 21:30:00+02:00
Deki Alem,https://www.roskilde-festival.dk/da/years/2023/acts/deki-alem/,,ğŸ‘© Eos,23:45 Tirsdag 27. juni 2023,https://www.instagram.com/dekialem/?hl=da,https://open.spotify.com/artist/2AK3F4tVjxYuqSGefozy52?si=xIaYHisoQ1GVyAianjF7Bw,"Hypet power-duo med originalt mix af rap, drum & bass og grunge ", , , , ,23:45,27jun 2023,2023-06-27 23:45:00+02:00
Den GrÃ¸nne UngdomsbevÃ¦gelse,https://www.roskilde-festival.dk/da/years/2023/acts/den-gr%C3%B8nne-ungdomsbev%C3%A6gelse/,,ğŸ“£ Flokkr,11:00 SÃ¸ndag 25. juni 2023,https://www.instagram.com/dengroenneungdomsbevaegelse/?hl=da,,"Den GrÃ¸nne UngdomsbevÃ¦gelse er et fÃ¦llesskab af unge klimaaktivister, der kÃ¦mper for en mere retfÃ¦rdig grÃ¸n og social fremtid. Midlet er klimaaktivistiske kampagner, demonstrationer og politisk arbejde. ", , , , ,11:00,25jun 2023,2023-06-25 11:00:00+02:00
Denzel Curry,https://www.roskilde-festival.dk/da/years/2023/acts/denzel-curry/,US,ğŸª Arena,18:15 Torsdag 29. juni 2023,https://www.instagram.com/denzelcurryph,https://open.spotify.com/artist/6fxyWrfmjcbj5d12gXeiNV,Genrenedbrydende amerikansk rapper med overlegen teknik og suverÃ¦n crowd-control. ,ğŸ‘Ja, ,banger hiphop, ,18:15,29jun 2023,2023-06-29 18:15:00+02:00
Derya Yildirim & Grup ÅimÅŸek,https://www.roskilde-festival.dk/da/years/2023/acts/derya-yildirim-grup-%C5%9Fim%C5%9Fek/,,ğŸï¸ Gloria,18:30 Fredag 30. juni 2023,https://www.instagram.com/deryayildirim_grupsimsek/,https://open.spotify.com/artist/2Y0SH69uxHrHrjiZCuTSaT?si=T_DPHtYuSeuk3-Of8vvTag,Poetisk fortolkning af anatolsk syrefolk,ğŸ¤¯JA!, ,tyrkisk psykedelisk rock fra 80'erne, ,18:30,30jun 2023,2023-06-30 18:30:00+02:00
Derya Yildirim & Grup ÅimÅŸek,https://www.roskilde-festival.dk/da/years/2023/acts/derya-yildirim-grup-%C5%9Fim%C5%9Fek/,,ğŸï¸ Gloria,18:30 Fredag 30. juni 2023,https://www.instagram.com/deryayildirim_grupsimsek/,https://open.spotify.com/artist/2Y0SH69uxHrHrjiZCuTSaT?si=T_DPHtYuSeuk3-Of8vvTag,Poetisk fortolkning af anatolsk syrefolk, , , , ,18:30,30jun 2023,2023-06-30 18:30:00+02:00
Dibset,https://www.roskilde-festival.dk/da/years/2023/acts/dibset/,DK,ğŸ‘© Eos,18:00 Tirsdag 27. juni 2023,https://www.instagram.com/dibset.1/?hl=da,https://open.spotify.com/artist/4g53FCcxQZEj8SSr1rHmiH?si=fR5QCmPeQQSYSvr9CwWToA,Voldsomme erfaringer og sorgfyldte stemninger forenes af maskeklÃ¦dt rapper , , , , ,18:00,27jun 2023,2023-06-27 18:00:00+02:00
Domi & Jd Beck,https://www.roskilde-festival.dk/da/years/2023/acts/domi-jd-beck/,FR/US,ğŸŒ Gaia,14:15 LÃ¸rdag 1. juli 2023,https://www.instagram.com/domiandjdbeck/,https://open.spotify.com/artist/4UpA1KitN1RgIZVyWDbZ0U?si=ufSzVDPWTXSet1SgvIk9Vg,FestfyrvÃ¦rkeri af rendyrket musikglÃ¦de fra unge jazzstjerner,ğŸ¤¡Wildcard, ,keyboard + drum duo signed to anderson .paak's label,ğŸµğŸºğŸ¹ğŸ¶ğŸ‰,14:15,1jul 2023,2023-07-01 14:15:00+02:00
Driton Selmani,https://www.roskilde-festival.dk/da/years/2023/acts/driton-selmani/,INT,ğŸŸï¸ Festival Site,Onsdag 28. juni 2023,https://www.instagram.com/selmani.driton,,"Gennem en opvÃ¦kst i et land, der ikke lÃ¦ngere eksisterer, udfordrer Selmani vores tro pÃ¥ virkeligheden", , , , ,13:37,28jun 2023,2023-06-28 13:37:00+02:00
Dry Cleaning,https://www.roskilde-festival.dk/da/years/2023/acts/dry-cleaning/,,ğŸŒ Gaia,23:45 Torsdag 29. juni 2023,https://www.instagram.com/drycleaningband/,https://open.spotify.com/artist/7DlD7rLG9MKuvXtTeACzkO,Postpunk-fornyere mellem kÃ¸lig distance og flimrende fascinationskraft ,ğŸ˜ŒTÃ¸mmermÃ¦ndsmusik, ,lidt poppet punk, ,23:45,29jun 2023,2023-06-29 23:45:00+02:00
Dummy-Headline,https://www.roskilde-festival.dk/da/years/2023/acts/djgem-lucy-headburn-byjayr/,,ğŸ“£ Flokkr,11:00 Mandag 26. juni 2023,https://instagram.com/,,Nyd et meditativt lydbad af salige eufori-fremkaldende frekvenser, , , , ,11:00,26jun 2023,2023-06-26 11:00:00+02:00
Eee Gee,https://www.roskilde-festival.dk/da/years/2023/acts/eee-gee/,DK,ğŸ‘© Eos,17:00 Fredag 30. juni 2023,https://www.instagram.com/emmagrankvist,https://open.spotify.com/artist/7wwdO3koJONTrS5TtFJ8RN,Popfinesse og country-coolness fra dansk stortalent.  ,ğŸ‘Ja, ,virkelig nice pop, ,17:00,30jun 2023,2023-06-30 17:00:00+02:00
Electric Wizard,https://www.roskilde-festival.dk/da/years/2023/acts/electric-wizard/,UK,ğŸï¸ Avalon,22:30 Torsdag 29. juni 2023,https://www.instagram.com/electricwizard.official/,https://open.spotify.com/artist/4htjQW3lgIwL6fEJlTOez4?si=sc3NEMD-TjisbPpKcsLzFw,SjÃ¦lden koncert fra okkulte riff-mestre  ,ğŸ’€Nej, ,irriterende, ,22:30,29jun 2023,2023-06-29 22:30:00+02:00
Ethel Cain,https://www.roskilde-festival.dk/da/years/2023/acts/ethel-cain/,US,ğŸï¸ Avalon,15:00 Torsdag 29. juni 2023,https://www.instagram.com/mothercain/,https://open.spotify.com/artist/0avMDS4HyoCEP6RqZJWpY2?si=9M_GbKl0RdWPOWjzteznAQ,"StÃ¦rk og personlig historiefortÃ¦ller svÃ¸bt i americana, drÃ¸mmepop og southern gothic ",ğŸ˜ŒTÃ¸mmermÃ¦ndsmusik, ,catchy blanding af pop og goth, ,15:00,29jun 2023,2023-06-29 15:00:00+02:00
Evil House Party,https://www.roskilde-festival.dk/da/years/2023/acts/evil-house-party/,,ğŸŒ Gaia,20:00 Tirsdag 27. juni 2023,https://www.instagram.com/evilhouseparty/,https://open.spotify.com/artist/4dcXQW2aINb1lAMHKQa2hB?si=1p-ZlL0TTTiiHql-vbPcDA,Dunkel drÃ¸mmepop og ond festmusik fra kÃ¸benhavnsk duo , , , , ,20:00,27jun 2023,2023-06-27 20:00:00+02:00
Excelsior,https://www.roskilde-festival.dk/da/years/2023/acts/excelsior/,,ğŸŒ Gaia,14:00 Tirsdag 27. juni 2023,https://www.instagram.com/excelsior_xx/,https://open.spotify.com/artist/4GcbIiUaMp2b0F8gIIOuEc?si=vvKeIOT3SzOgPpeWkBSBsQ,"Et sÃ¸gende univers af progressiv pop, elektroniske klange og meditative tilstande ", , , , ,14:00,27jun 2023,2023-06-27 14:00:00+02:00
Eyes,https://www.roskilde-festival.dk/da/years/2023/acts/eyes/,DK,ğŸ‘© Eos,13:30 Torsdag 29. juni 2023,https://www.instagram.com/eyesbandcph/,https://open.spotify.com/artist/6H3XsRIiUv0xVicrxWIHIJ?si=2-WhEK0zSH--f-dewPVcvQ,KÃ¸benhavnske hardcore-mestre bader dig i sort galde med intenst liveshow, , , , ,13:30,29jun 2023,2023-06-29 13:30:00+02:00
Feather Mountain,https://www.roskilde-festival.dk/da/years/2023/acts/feather-mountain/,,ğŸŒ Gaia,18:30 SÃ¸ndag 25. juni 2023,https://www.instagram.com/feather_mountain/,https://open.spotify.com/artist/7pKvxNJ2IsDMlgc1gmzcky?si=sQ6ux9z3ScKcIRtS60YDnQ,DrÃ¸mmende stemninger og hÃ¥rdtslÃ¥ende riffs forenes af progressivt metalorkester , , , , ,18:30,25jun 2023,2023-06-25 18:30:00+02:00
"Felix Thorsen Katzenelson, Glenn Bech & Gry Stokkendahl Dalgas",https://www.roskilde-festival.dk/da/years/2023/acts/felix-thorsen-katzenelson-glenn-bech-gry-stokkendahl-dalgas/,DK,ğŸ“£ Flokkr,13:00 Mandag 26. juni 2023,https://www.instagram.com/felsefelse/?hl=da%E2%80%AF%E2%80%AF,,Talk og workshop: Poetisk systemkritik , , , , ,13:00,26jun 2023,2023-06-26 13:00:00+02:00
Fever Ray,https://www.roskilde-festival.dk/da/years/2023/acts/fever-ray/,SE,ğŸª Arena,18:00 Onsdag 28. juni 2023,https://www.instagram.com/feverray/,https://open.spotify.com/artist/5hE6NCoobhyEu6TRSbjOJY?si=7MONiDTWQUuQN_Iw76KiXA,Fever Ray skubber atter til grÃ¦nserne for poppen med sin radikale romantik,ğŸ˜ŒTÃ¸mmermÃ¦ndsmusik, , , ,18:00,28jun 2023,2023-06-28 18:00:00+02:00
Filip Vest,https://www.roskilde-festival.dk/da/years/2023/acts/filip-vest/,DK,ğŸŸï¸ Festival Site,Onsdag 28. juni 2023,https://www.instagram.com/filipvest,,Performancekunstner inviterer os ind i et univers af kÃ¦rlighed og tab pÃ¥ tvÃ¦rs af arter og tid, , , , ,13:37,28jun 2023,2023-06-28 13:37:00+02:00
Final Planet,https://www.roskilde-festival.dk/da/years/2023/acts/final-planet/,DK,"â˜ ï¸ Destroy Me Once, Destroy Me Twice",16:00 Tirsdag 27. juni 2023,https://www.instagram.com/final.planet/,,Velkommen til rejsen gennem et grÃ¦nselÃ¸st futuristisk univers , , , , ,16:00,27jun 2023,2023-06-27 16:00:00+02:00
First Hate,https://www.roskilde-festival.dk/da/years/2023/acts/first-hate/,DK,ğŸŒ Gaia,01:15 LÃ¸rdag 1. juli 2023,https://instagram.com/first__hate,https://open.spotify.com/artist/5HOnVNfQ1FvMzZN2NEuNhP?si=_XOFYiNrTcizvTgla8Bjxg,Den danske synthpop-duo markerer 10-Ã¥rs jubilÃ¦um med ekstatisk fest,ğŸ˜ŒTÃ¸mmermÃ¦ndsmusik, ,wish.com version of depeche mode?, ,01:15,1jul 2023,2023-07-02 01:15:00+02:00
Florence Adooni,https://www.roskilde-festival.dk/da/years/2023/acts/florence-adooni/,,ğŸŒ Gaia,14:15 Fredag 30. juni 2023,https://www.instagram.com/roskildefestival/,https://open.spotify.com/artist/4804FMh4N7pndfmQsS904u?si=izGffaGQT4-eCh1wH4kRGw,Ghanesisk gospeltalent inviterer til dansefest af dimensioner. ,ğŸ‘Ja, ,lÃ¦kker afrikansk pop med masser af horn, ,14:15,30jun 2023,2023-06-30 14:15:00+02:00
Florist,https://www.roskilde-festival.dk/da/years/2023/acts/florist/,US,ğŸï¸ Gloria,12:30 Torsdag 29. juni 2023,https://www.instagram.com/mlesprg/,https://open.spotify.com/playlist/4X3nNZpb6K01VWthTG95lf,"Poetisk mÃ¸de mellem skrÃ¸belig folk, ambient og synth-eksperimenter",ğŸ¤¯JA!, ,perfekt til tÃ¸mmermÃ¦nd. So chill I can't even, ,12:30,29jun 2023,2023-06-29 12:30:00+02:00
Folkehuset Absalon,https://www.roskilde-festival.dk/da/years/2023/acts/folkehuset-absalon/,,"â˜ ï¸ Destroy Me Once, Destroy Me Twice",13:00 SÃ¸ndag 25. juni 2023,https://www.instagram.com/absaloncph/,,Deltag i whacking og linedance i nÃ¦rvÃ¦rende dansefÃ¦llesskab , , , , ,13:00,25jun 2023,2023-06-25 13:00:00+02:00
Fraads,https://www.roskilde-festival.dk/da/years/2023/acts/fraads/,,ğŸ‘© Eos,00:30 Fredag 30. juni 2023,https://www.instagram.com/_fraads_/,https://open.spotify.com/artist/0qpVYqW8pjiACu0FasfPnH?si=t75wMMZlRwqpyPCFl4OPRQ,Syret hiphop-duo med hang til bÃ¥de eksperimenter og stÃ¦rke melodier ,ğŸ‘Ja, ,viber virkelig til det her, ,00:30,30jun 2023,2023-07-01 00:30:00+02:00
Francesca Burattelli,https://www.roskilde-festival.dk/da/years/2023/acts/francesca-burattelli/,DK/IT,Platform,18:45 Fredag 30. juni 2023,https://www.instagram.com/francescaburattelli/,https://open.spotify.com/artist/1PjvFKWCySjwlkN6nbKDhM?si=Lavx6RexTgiVSaO5W6Aa4Q,Eksperimenterende popkunstner udfolder sit musikalske drama pÃ¥ Platform ,ğŸ’€Nej, ,avantgarde weirdness, ,18:45,30jun 2023,2023-06-30 18:45:00+02:00
Fulu Miziki,https://www.roskilde-festival.dk/da/years/2023/acts/fulu-miziki/,CD,ğŸ‘© Eos,13:00 LÃ¸rdag 1. juli 2023,https://www.instagram.com/fulumusic/,https://open.spotify.com/artist/5YpOlimBuGWDamh62kx4cu,Affald forvandles til musikalsk guld af congolesisk kollektiv,ğŸ¤¡Wildcard, ,minimal techno meets afrobeat,â™»ï¸ğŸ¶ğŸ’°ğŸ¤,13:00,1jul 2023,2023-07-01 13:00:00+02:00
Gabber Modus Operandi,https://www.roskilde-festival.dk/da/years/2023/acts/gabber-modus-operandi/,ID,Platform,21:00 Torsdag 29. juni 2023,https://www.instagram.com/gabbermodusoperandi/,https://open.spotify.com/artist/4z8y2MjTFwLa73dABYP1io?si=962sFmrtT2ikXuzcDTlPfQ,Ekstrem trancemusik fra Balis undergrund,ğŸ’€Nej, , , ,21:00,29jun 2023,2023-06-29 21:00:00+02:00
Ganger,https://www.roskilde-festival.dk/da/years/2023/acts/ganger/,DK,ğŸª Arena,14:00 Fredag 30. juni 2023,https://www.instagram.com/gangeranganger/,https://open.spotify.com/artist/0VkD20LbMsdWiikUO83GPT?si=aH9Ig2inQ8mJBhb-PWjoLw,"Ganger leverer pop, poesi og himmelstrÃ¦bende vokalmagi",ğŸ˜ŒTÃ¸mmermÃ¦ndsmusik, ,"skrev ""elsker dig for evigt"" titelsangen - de andre virker meget lige som den", ,14:00,30jun 2023,2023-06-30 14:00:00+02:00
Ghetto KumbÃ©,https://www.roskilde-festival.dk/da/years/2023/acts/ghetto-kumb%C3%A9/,CO,ğŸš€ Apollo,20:00 Fredag 30. juni 2023,https://www.instagram.com/ghettokumbe/,https://open.spotify.com/artist/395rqoVSDgQIF7fzRfZIoy?si=DnP4wVZfTCK7EGA4KSkGWQ,BogotÃ¡-trioen sÃ¦tter atter gang i en tranceskabende og tropisk fest  ,ğŸ‘Ja, ,columbia fest!, ,20:00,30jun 2023,2023-06-30 20:00:00+02:00
Giift,https://www.roskilde-festival.dk/da/years/2023/acts/giift/,,ğŸŒ Gaia,15:30 SÃ¸ndag 25. juni 2023,https://www.instagram.com/giift1x/?hl=en,https://open.spotify.com/artist/2uRyCr2a4iM7uEaz4oQE3p?si=0ysdCWSESw2WXMlHzy94oQ,Personlige fortÃ¦llinger svÃ¸bt i minimalistisk R&B og neo-soul , , , , ,15:30,25jun 2023,2023-06-25 15:30:00+02:00
Girl Scout,https://www.roskilde-festival.dk/da/years/2023/acts/girl-scout/,SE,ğŸŒ Gaia,18:30 Tirsdag 27. juni 2023,https://www.instagram.com/girlscouttheband/,https://open.spotify.com/artist/4CbghtwTo6bvxk5QacvRrE?si=KEgeHA1QTIGsdKOVB6lPWw,Velsmurte indiepop-sange med bÃ¥de sÃ¸dme og melankoli , , , , ,18:30,27jun 2023,2023-06-27 18:30:00+02:00
Girls In Airports,https://www.roskilde-festival.dk/da/years/2023/acts/girls-in-airports/,DK,ğŸŒ Gaia,12:00 LÃ¸rdag 1. juli 2023,https://www.instagram.com/girlsinairports/,https://open.spotify.com/artist/6rmNdcuNwzokE2TQaI0ubr?si=t3IpfyNwSRu6EQCUneTEzQ,Jazzede improvisationer og globalt udsyn fra et af Danmarks bedste live-bands,ğŸ˜ŒTÃ¸mmermÃ¦ndsmusik, ,lÃ¦kker indie-jazz impro, ,12:00,1jul 2023,2023-07-01 12:00:00+02:00
Global Kidz & World Dance Academy,https://www.roskilde-festival.dk/da/years/2023/acts/global-kidz-world-dance-academy/,DK,"â˜ ï¸ Destroy Me Once, Destroy Me Twice",15:00 Mandag 26. juni 2023,https://www.instagram.com/roskildefestival/,,"Alle mennesker, foren jer â€“ deltag i Culture Clashs dance battle og fest  ", , , , ,15:00,26jun 2023,2023-06-26 15:00:00+02:00
Glorilla,https://www.roskilde-festival.dk/da/years/2023/acts/glorilla/,US,ğŸ‘© Eos,22:00 Fredag 30. juni 2023,https://www.instagram.com/glorillapimp/,https://open.spotify.com/artist/2qoQgPAilErOKCwE2Y8wOG?si=4ulDxJH_QPOGLn-A92pYgw,"Kvindelig empowerment, rÃ¥styrke og en unik stemme fra Memphis-rapper",ğŸ’€Nej, ,den slags hiphop jeg ikke gider, ,22:00,30jun 2023,2023-06-30 22:00:00+02:00
Gorgeous,https://www.roskilde-festival.dk/da/years/2023/acts/gorgeous/,DK,ğŸ‘© Eos,14:45 SÃ¸ndag 25. juni 2023,https://www.instagram.com/gorgeousmusik/,https://open.spotify.com/artist/6C0TMfW4C2qCYxMkktQLXd?si=QidSvKmYTci1NxSbXhYBBA,"Betagende popmelodier i sprÃ¸d, indiefolket indpakning fra dansk duo ", , , , ,14:45,25jun 2023,2023-06-25 14:45:00+02:00
Grace Ives,https://www.roskilde-festival.dk/da/years/2023/acts/grace-ives/,US,ğŸ‘© Eos,15:30 LÃ¸rdag 1. juli 2023,https://www.instagram.com/graceives4u/,https://open.spotify.com/artist/4TZieE5978SbTInJswaay2?si=3oZWDg_XTIaTCHGACsrfSw,Skamrost synthpop-vidunder indtager Roskilde med sit seneste mestervÃ¦rk,ğŸ˜ŒTÃ¸mmermÃ¦ndsmusik, ,nice synth-pop, ,15:30,1jul 2023,2023-07-01 15:30:00+02:00
Greentea Peng,https://www.roskilde-festival.dk/da/years/2023/acts/greentea-peng/,UK,ğŸª Arena,16:00 Fredag 30. juni 2023,https://www.instagram.com/greenteapeng/?hl=en,https://open.spotify.com/artist/5z9wLR0RGBcWMXr4fCZW0K?si=2awVWjnBQseOOHIxTP7tmA,Sydende og psykedelisk soul-fest fra London-stjerne ,ğŸ˜ŒTÃ¸mmermÃ¦ndsmusik, ,lÃ¦kker stille og rolig soul, ,16:00,30jun 2023,2023-06-30 16:00:00+02:00
Guldimund,https://www.roskilde-festival.dk/da/years/2023/acts/guldimund/,,ğŸï¸ Avalon,13:00 Fredag 30. juni 2023,https://www.instagram.com/guldimundguldimund/,https://open.spotify.com/artist/5269oiQ5yjMDcgXoJr6zkw?si=4yacx6EuQKC-DkpQIxYZ-Q,DrÃ¸mmende og poetisk indiepop til de lyse sommernÃ¦tter fra dansk stortalent ,ğŸ‘Ja, ,Ã¦gte tekster, ,13:00,30jun 2023,2023-06-30 13:00:00+02:00
Gyedu-Blay Ambolley,https://www.roskilde-festival.dk/da/years/2023/acts/gyedu-blay-ambolley/,GH,ğŸŒ Gaia,12:00 Torsdag 29. juni 2023,https://www.instagram.com/gyedublay_official/,https://open.spotify.com/artist/3K7G8Czqv2acbaWlxFfjbj?si=CvVVV5ThSuCcauKpkwzWPA,Legendarisk bandleder fra Ghana bringer sin simigwa-lyd til Roskilde ,ğŸ‘Ja, ,very funky disco!, ,12:00,29jun 2023,2023-06-29 12:00:00+02:00
Harvey Sutherland,https://www.roskilde-festival.dk/da/years/2023/acts/harvey-sutherland/,AU,ğŸ‘© Eos,23:00 Torsdag 29. juni 2023,https://www.instagram.com/harveysutherland/,https://open.spotify.com/artist/4CxFlJDif0atTK3gZebcEf?si=tfxokMwsRA2i6Y3DTFWLqA,Australsk producer bringer futuristisk funk-fest til Roskilde med stor bandopsÃ¦tning ,ğŸ¤¯JA!,ğŸ˜ŒTÃ¸mmermÃ¦ndsmusik,Funk til at trampe til, ,23:00,29jun 2023,2023-06-29 23:00:00+02:00
Heathe,https://www.roskilde-festival.dk/da/years/2023/acts/heathe/,,ğŸŒ Gaia,23:00 SÃ¸ndag 25. juni 2023,https://www.instagram.com/heatheheathe/?fbclid=IwAR0ZlpqCNfPeoipdmWg3s_ozcO0hjav6_12IQiQNup89qAUKDQS7oDMd97A,https://open.spotify.com/artist/5My1yNpCjzvqlNj18PDg1c?si=sOA2PTtJTb-IwVlCIDm4hw,Dommedagstung trance og ekstatisk stÃ¸jgospel fra Aalborg , , , , ,23:00,25jun 2023,2023-06-25 23:00:00+02:00
"Helena Gualinga, Hilda Flavia Nakabuye, Luisa Neubauer & Selma Montgomery",https://www.roskilde-festival.dk/da/years/2023/acts/helena-gualinga-hilda-flavia-nakabuye-luisa-neubauer-selma-montgomery/,INT,ğŸª Arena,12:00 LÃ¸rdag 1. juli 2023,https://www.instagram.com/roskildefestival/,,MÃ¸d nogle af klimakampens sejeste unge aktivister fra tre forskellige kontinenter, , , , ,12:00,1jul 2023,2023-07-01 12:00:00+02:00
"Herlige Svend, Jalal Arabi, Lasse Dein & Maria BÃ¼low",https://www.roskilde-festival.dk/da/years/2023/acts/herlige-svend-jalal-arabi-lasse-dein-maria-b%C3%BClow/,,ğŸ“£ Flokkr,16:30 Mandag 26. juni 2023,https://www.instagram.com/mariabuelow/?hl=da%E2%80%AF,,Hvad vil det sige at vÃ¦re maskulin i dag? Og hvorfor er begrebet egentlig (stadig) relevant at diskutere? Fire kendte stemmer mÃ¸des i en samtale om moderne maskulinitet og den moderne manderolle. , , , , ,16:30,26jun 2023,2023-06-26 16:30:00+02:00
Hudson Mohawke,https://www.roskilde-festival.dk/da/years/2023/acts/hudson-mohawke/,UK,ğŸš€ Apollo,22:00 Torsdag 29. juni 2023,https://www.instagram.com/hudmo/,https://open.spotify.com/artist/6olWbKW2VLhFCHfOi0iEDb?si=mwJyEOMFRbOIyllYFS-MUw,Hiphopglad skotte starter festen med halsbrÃ¦kkende elektroniske beats. ,ğŸ¤¡Wildcard, ,producer dude making hiphop/electonic/pop,ğŸ¤ğŸ´ó §ó ¢ó ³ó £ó ´ó ¿ğŸ’ƒğŸ‰ğŸ§,22:00,29jun 2023,2023-06-29 22:00:00+02:00
Ida Laurberg,https://www.roskilde-festival.dk/da/years/2023/acts/ida-laurberg/,,ğŸ‘© Eos,17:15 SÃ¸ndag 25. juni 2023,https://www.instagram.com/idalaurberg/,https://open.spotify.com/artist/03IbEiokQjTDfvdyIYV5D4?si=GtJfC-dFS4Gh5VHEJVQjdg,Dansk popkomet omfavner det danske sprog pÃ¥ nye sange , , , , ,17:15,25jun 2023,2023-06-25 17:15:00+02:00
Indigo De Souza,https://www.roskilde-festival.dk/da/years/2023/acts/indigo-de-souza/,US,ğŸŒ Gaia,18:30 Torsdag 29. juni 2023,https://www.instagram.com/indigofaraway/,https://open.spotify.com/artist/3ir2pF2mkiEWqyPenKTh5e,RÃ¥ fÃ¸lelser formidles i stÃ¦rke og upolerede sange af den albumaktuelle sangskriver,ğŸ˜ŒTÃ¸mmermÃ¦ndsmusik, ,pretty decent pop, ,18:30,29jun 2023,2023-06-29 18:30:00+02:00
Ithaca,https://www.roskilde-festival.dk/da/years/2023/acts/ithaca/,UK,ğŸŒ Gaia,16:00 Torsdag 29. juni 2023,https://www.instagram.com/ithacaband/,https://open.spotify.com/artist/7HIvrtPrTTxXrBeJkiRj8x?si=iOkpO4zmTPGrTGQdApQDNQ,Med rÃ¸dder i metal og hardcore leverer Ithaca kantslag til racisme og homofobi,ğŸ’€Nej, , , ,16:00,29jun 2023,2023-06-29 16:00:00+02:00
Ivorian Doll,https://www.roskilde-festival.dk/da/years/2023/acts/ivorian-doll/,UK,ğŸš€ Apollo,20:00 Onsdag 28. juni 2023,https://www.instagram.com/ivoriandoll/,https://open.spotify.com/artist/5zWJtrglcTFohMajO2qrgd?si=V1EfUlkvSBWml190u-Goow,SelvudnÃ¦vnt Queen of Drill indtager Roskilde ,ğŸ‘Ja, ,nice britisk hiphop, ,20:00,28jun 2023,2023-06-28 20:00:00+02:00
J.I.D,https://www.roskilde-festival.dk/da/years/2023/acts/jid/,US,ğŸª Arena,16:00 Torsdag 29. juni 2023,https://www.instagram.com/jidsv/,https://open.spotify.com/artist/6U3ybJ9UHNKEdsH7ktGBZ7?si=BTgCCizyQq6XV-8aIjKSLg,Atlanta-rapperen indtager Roskilde med sit alsidige og politisk vakte udtryk,ğŸ‘Ja, ,banger hiphop (<3ing this more than Denzel Curry), ,16:00,29jun 2023,2023-06-29 16:00:00+02:00
Jake Blount,https://www.roskilde-festival.dk/da/years/2023/acts/jake-blount/,US,ğŸï¸ Gloria,17:30 Onsdag 28. juni 2023,https://www.instagram.com/jake.m.blount/,https://open.spotify.com/artist/63yfJDmaBbifNzvWUUdpv1?si=WGY-g-RkTV-lvLY53zHBaA,Afrofuturistisk og queer blik pÃ¥ amerikansk folkemusiktradition ,ğŸ‘Ja,ğŸ¤¯JA!,BLM-folk, ,17:30,28jun 2023,2023-06-28 17:30:00+02:00
Jammjam,https://www.roskilde-festival.dk/da/years/2023/acts/jammjam/,INT,ğŸŸ  Orange,17:00 Fredag 30. juni 2023,https://www.instagram.com/roskildefestival/,,Efter et brag af et show i 2022 vender fÃ¦nomenet JammJam tilbage til Roskilde, , , , ,17:00,30jun 2023,2023-06-30 17:00:00+02:00
Japanese Breakfast,https://www.roskilde-festival.dk/da/years/2023/acts/japanese-breakfast/,US,ğŸª Arena,18:15 Fredag 30. juni 2023,https://www.instagram.com/jbrekkie,https://open.spotify.com/artist/7MoIc5s9KXolCBH1fy9kkw?si=4Bx4gpmrShiHzhRSteUeng,Det anmelderroste indieband indhyller Roskilde i drÃ¸mmende poplyde.,ğŸ‘Ja,ğŸ‘Ja,"elektronisk univers, lidt melankolsk/svÃ¦vende - poooop", ,18:15,30jun 2023,2023-06-30 18:15:00+02:00
Jockstrap,https://www.roskilde-festival.dk/da/years/2023/acts/jockstrap/,UK,ğŸŒ Gaia,18:30 Fredag 30. juni 2023,https://www.instagram.com/jockstrap_music/,https://open.spotify.com/artist/6S3Z6Me30mtdm526H17v8k?si=Bje5sPewQX2rlYEDILrqTQ,Overjordiske og eksperimenterende popperler fra hypet engelsk duo,ğŸ˜ŒTÃ¸mmermÃ¦ndsmusik, ,weird pop (pÃ¥ grÃ¦nsen til wildcard), ,18:30,30jun 2023,2023-06-30 18:30:00+02:00
Jon Chase,https://www.roskilde-festival.dk/da/years/2023/acts/jon-chase/,UK,ğŸ“£ Flokkr,20:00 SÃ¸ndag 25. juni 2023,https://instagram.com/,,Britisk videnskabsrapper, , , , ,20:00,25jun 2023,2023-06-25 20:00:00+02:00
Jules Fischer & Josefine Opsahl,https://www.roskilde-festival.dk/da/years/2023/acts/jules-fischer-josefine-opsahl/,DK,Platform,17:30 Onsdag 28. juni 2023,https://www.instagram.com/roskildefestival/,,To af tidens store kunstneriske talenter forener deres krÃ¦fter i intens og sanselig queer-performance, , , , ,17:30,28jun 2023,2023-06-28 17:30:00+02:00
Kalaset,https://www.roskilde-festival.dk/da/years/2023/acts/kalaset/,,ğŸ‘© Eos,16:15 Tirsdag 27. juni 2023,https://www.instagram.com/k.kalaset/?fbclid=IwAR0Db1FAvT8dtdDySHnieeaNnqiqgPG_sZtuipIHJ4ez7gXinTWybDVTDNA,https://open.spotify.com/artist/2Wqxw6V3d9ZzAf32jTjwW7?si=iOOGj_oqSsmGBb0tObbhtg,Dansk drÃ¸mmepop med kurs mod stjernerne , , , , ,16:15,27jun 2023,2023-06-27 16:15:00+02:00
Karpe: Omar Sheriff,https://www.roskilde-festival.dk/da/years/2023/acts/karpe-omar-sheriff/,,ğŸï¸ Avalon,20:00 Torsdag 29. juni 2023,https://www.instagram.com/karpe_offisiell/?hl=da,https://open.spotify.com/artist/3X23gpg1vPacr0hBARyxtN?si=ZUsK3xVPQj2PlEL3tx9Cmw,Norges stÃ¸rste rapgruppe kommer til Danmark med spektakulÃ¦rt liveshow.,ğŸ‘Ja, ,norsk rap. Tror det bliver fedt, ,20:00,29jun 2023,2023-06-29 20:00:00+02:00
Kassi Valazza,https://www.roskilde-festival.dk/da/years/2023/acts/kassi-valazza/,US,ğŸï¸ Gloria,16:30 LÃ¸rdag 1. juli 2023,https://www.instagram.com/kassivalazza/,https://open.spotify.com/artist/4qIi20XYGNXcVvCzBZFumH?autoplay=true,"Solrige og psykedeliske landskaber mellem country, americana og neo-folk ", , , , ,16:30,1jul 2023,2023-07-01 16:30:00+02:00
Katharina Grosse,https://www.roskilde-festival.dk/da/years/2023/acts/katharina-grosse/,DE,â›º Campsite,SÃ¸ndag 25. juni 2023,https://www.instagram.com/katharina_grosse/,,Enormt dansegulvsmaleri vender farverigt tilbage til Roskilde Festivals campingplads , , , , ,13:37,25jun 2023,2023-06-25 13:37:00+02:00
Kendrick Lamar,https://www.roskilde-festival.dk/da/years/2023/acts/kendrick-lamar/,US,ğŸŸ  Orange,22:00 Onsdag 28. juni 2023,https://www.instagram.com/kendricklamar/,https://open.spotify.com/artist/2YZyLoL8N0Wb9xBt1NhZWg,En af vor tids vigtigste rappere vender endelig tilbage til Orange Scene!,ğŸ¤¯JA!, , , ,22:00,28jun 2023,2023-06-28 22:00:00+02:00
Kendrick Lamar,https://www.roskilde-festival.dk/da/years/2023/acts/kendrick-lamar/,US,ğŸŸ  Orange,22:00 Onsdag 28. juni 2023,https://www.instagram.com/kendricklamar/,https://open.spotify.com/artist/2YZyLoL8N0Wb9xBt1NhZWg,En af vor tids vigtigste rappere vender endelig tilbage til Orange Scene!,ğŸ¤¯JA!, , , ,22:00,28jun 2023,2023-06-28 22:00:00+02:00
Kesi,https://www.roskilde-festival.dk/da/years/2023/acts/kesi/,DK,ğŸŸ  Orange,19:30 Fredag 30. juni 2023,https://www.instagram.com/kesi,https://open.spotify.com/artist/2d7AMvzFwh5wUTuqQl3BAE,Kom til hitfest pÃ¥ Orange med dansk raps mÃ¥ske bedste live-performer. ,ğŸ‘Ja,ğŸ‘Ja,moderne dansk autotune-rap, ,19:30,30jun 2023,2023-06-30 19:30:00+02:00
Kind Mod Kind,https://www.roskilde-festival.dk/da/years/2023/acts/kind-mod-kind/,,ğŸ‘© Eos,23:45 SÃ¸ndag 25. juni 2023,https://www.instagram.com/kindmodkind/,https://open.spotify.com/artist/0cc3y7owJCbx8MuYJZI6As?si=0plsGPe_Tuy8wFcLAywBdw,FÃ¸lsom rave-pop forbinder dansegulvet og sommerhimlen , , , , ,23:45,25jun 2023,2023-06-25 23:45:00+02:00
Kindsight,https://www.roskilde-festival.dk/da/years/2023/acts/kindsight/,,ğŸŒ Gaia,18:30 Mandag 26. juni 2023,https://www.instagram.com/kindsight.kindsight,https://open.spotify.com/artist/69INXmdJGXIPAZQuThqRjw?si=B-U2SLrmT1mCY4FzmplO1A,Sommerlige poptoner og melankolsk alt-rock i underskÃ¸n forening , , , , ,18:30,26jun 2023,2023-06-26 18:30:00+02:00
King Kami,https://www.roskilde-festival.dk/da/years/2023/acts/king-kami/,BR,ğŸš€ Apollo,19:00 LÃ¸rdag 1. juli 2023,https://www.instagram.com/kiingkamii/?hl=en,https://open.spotify.com/artist/4Euz6vlPoujB4l6IUpJkdn?si=V_TIsd26QfCFW7f4nVrAYw,Pulserende bas og elektroniske beats mÃ¸der brasiliansk funk,ğŸ‘Ja, ,Tropkillaz style, ,19:00,1jul 2023,2023-07-01 19:00:00+02:00
Kinga Bartis,https://www.roskilde-festival.dk/da/years/2023/acts/kinga-bartis/,RO,ğŸŸï¸ Festival Site,Onsdag 28. juni 2023,https://www.instagram.com/kinga_bartis,,"DrÃ¸mmende malerier Ã¥bner for nye forstÃ¥elser af kÃ¸n, krop og seksualitet", , , , ,13:37,28jun 2023,2023-06-28 13:37:00+02:00
Kleo,https://www.roskilde-festival.dk/da/years/2023/acts/kleo/,DK,ğŸŒ Gaia,17:00 SÃ¸ndag 25. juni 2023,https://www.instagram.com/kleoleia/,https://open.spotify.com/artist/5Kur13kkU4pOoNFAE8K0YF?si=nk35DZAeTwqZnTB8ljC_sg,Kosmisk pop med meditative lag og storslÃ¥ede melodier , , , , ,17:00,25jun 2023,2023-06-25 17:00:00+02:00
Koloah,https://www.roskilde-festival.dk/da/years/2023/acts/koloah/,UA,ğŸš€ Apollo,00:00 Torsdag 29. juni 2023,https://www.instagram.com/koloah/,https://open.spotify.com/artist/47h1fkAGUe9nbV8TLPYUAM?si=sA2-bzblSrqqKR3eD1BQJg,En af Kyivs vigtigste elektroniske musikere Ã¥bner Fast Forward-kurateret nat med AV-show ,ğŸ‘Ja, ,"Ukrainsk rave-party, ja tak!", ,00:00,29jun 2023,2023-06-30 00:00:00+02:00
Kundo,https://www.roskilde-festival.dk/da/years/2023/acts/kundo/,,ğŸ‘© Eos,17:45 Tirsdag 27. juni 2023,https://www.instagram.com/1waykundo/,https://open.spotify.com/artist/2GGL93jyTZ4X7uidHSJhIr?si=uyXCQK7KSlugFGu1mcIdEw,Vedkommende rap-hÃ¥b med old school-lyd og tunge beats , , , , ,17:45,27jun 2023,2023-06-27 17:45:00+02:00
Kuunatic,https://www.roskilde-festival.dk/da/years/2023/acts/kuunatic/,JP,Platform,21:15 Onsdag 28. juni 2023,https://www.instagram.com/kuunatic/,https://open.spotify.com/artist/5uZn75Nrcnvzl4tkgPQlEB?si=_SsxjVb-SWS-rad4ESHSyA,Et kosmisk Ã¦gteskab mellem japansk psychedelia og tribale rytmer fra en fremmed planet, , , , ,21:15,28jun 2023,2023-06-28 21:15:00+02:00
Lady Neptune,https://www.roskilde-festival.dk/da/years/2023/acts/lady-neptune/,UK,ğŸï¸ Gloria,01:30 Fredag 30. juni 2023,https://open.spotify.com/artist/1uLlFT863JCNsqWt5KUgfV?si=A7br-hMaSXyLDAvu64okFA,https://open.spotify.com/playlist/4X3nNZpb6K01VWthTG95lf,Et vildt mix af happy hardcore og gabber fylder dig med ekstase og rÃ¦dsel,ğŸ’€Nej, ,gabber-pop, ,01:30,30jun 2023,2023-07-01 01:30:00+02:00
Latto,https://www.roskilde-festival.dk/da/years/2023/acts/latto/,US,ğŸª Arena,14:00 Torsdag 29. juni 2023,https://www.instagram.com/latto777/,https://open.spotify.com/artist/3MdXrJWsbVzdn6fe5JYkSQ?si=QYg6SVaNRju8HxgPmzhcWw,Atlanta-rapper med fÃ¦ngende hits og uimodstÃ¥elig swagger ,ğŸ‘Ja,ğŸ˜ŒTÃ¸mmermÃ¦ndsmusik,Georiga-rapper - lizzo style, ,14:00,29jun 2023,2023-06-29 14:00:00+02:00
Leenalchi,https://www.roskilde-festival.dk/da/years/2023/acts/leenalchi/,KR,ğŸŒ Gaia,20:45 Torsdag 29. juni 2023,https://www.instagram.com/leenalchi/?hl=da,https://open.spotify.com/artist/0kHgYUOcTac5RhkYx1thsq?si=dTWegvhDSZyzMgqhY8Cw6A,Alternativ koreansk pop med fire forsangere og new wave-inspiration.,ğŸ¤¡Wildcard, ,koreansk vildskab,ğŸ¤ğŸ‡°ğŸ‡·ğŸ¶ğŸŒŠ,20:45,29jun 2023,2023-06-29 20:45:00+02:00
Lil Nas X,https://www.roskilde-festival.dk/da/years/2023/acts/lil-nas-x/,US,ğŸŸ  Orange,22:15 Torsdag 29. juni 2023,https://www.instagram.com/lilnasx/,https://open.spotify.com/artist/7jVv8c5Fj3E9VhNjxT4snq?si=nuPTK6cgT2yQe5nkyJf_ww,Queer-ikon og stjernerapper skubber fortsat til grÃ¦nserne,ğŸ¤¯JA!,ğŸ‘Ja,gay hiphop. hillarious and awesome, ,22:15,29jun 2023,2023-06-29 22:15:00+02:00
Liniker,https://www.roskilde-festival.dk/da/years/2023/acts/liniker/,BR,ğŸŒ Gaia,18:30 LÃ¸rdag 1. juli 2023,https://www.instagram.com/linikeroficial/,https://open.spotify.com/artist/2O6q06oNcmOIPg1qidSU3C?si=kwWj7Az3SO-QN1DuH0ZMIw,Brasiliansk soulikon og queer-aktivist indtager Roskilde , , , , ,18:30,1jul 2023,2023-07-01 18:30:00+02:00
Liraz,https://www.roskilde-festival.dk/da/years/2023/acts/liraz/,IR,ğŸï¸ Avalon,15:00 Fredag 30. juni 2023,https://www.instagram.com/liraz_naz/,https://open.spotify.com/artist/0qTgfqWyTcC1VAYn2vSMpk?si=ZMngb3zXSG6_lz1fI5a4Wg,Liraz leverer persisk dansefest med feministiske budskaber og revolutionÃ¦r energi,ğŸ‘Ja, ,Persisk dansefest, ,15:00,30jun 2023,2023-06-30 15:00:00+02:00
Lise Haller Baggesen,https://www.roskilde-festival.dk/da/years/2023/acts/lise-haller-baggesen/,DK,ğŸŸï¸ Festival Site,Onsdag 28. juni 2023,https://www.instagram.com/lisehallerbaggesen,,Farverige tekstiler transformerer Glorias rÃ¥ industrihal til meditativt univers, , , , ,13:37,28jun 2023,2023-06-28 13:37:00+02:00
Lizzo,https://www.roskilde-festival.dk/da/years/2023/acts/lizzo/,US,ğŸŸ  Orange,23:00 LÃ¸rdag 1. juli 2023,https://www.instagram.com/lizzobeeating/,https://open.spotify.com/artist/56oDRnqbIiwx4mymNEv7dS?si=9cwctR29QXG5S5ZSeLd48Q,SelvkÃ¦rlighedens yppersteprÃ¦stinde vender tilbage til Roskilde med kropspositiv fest ,ğŸ¤¯JA!,ğŸ¤¯JA!, , ,23:00,1jul 2023,2023-07-01 23:00:00+02:00
Lock Up,https://www.roskilde-festival.dk/da/years/2023/acts/lock-up/,UK,ğŸï¸ Avalon,22:30 LÃ¸rdag 1. juli 2023,https://www.instagram.com/lockup666official/,https://open.spotify.com/artist/0AKZrsOYW77C7QW1jzdhNX?si=n2a66vraQFyYHNJLjQj4PA,Grindcore-supergruppe anfÃ¸rt af Napalm Death-bassist leverer brutal fest,ğŸ’€Nej, ,Mine Ã¸rer blÃ¸der D:, ,22:30,1jul 2023,2023-07-01 22:30:00+02:00
Lorna Shore,https://www.roskilde-festival.dk/da/years/2023/acts/lorna-shore/,US,ğŸï¸ Avalon,21:30 Onsdag 28. juni 2023,https://www.instagram.com/lornashore/?hl=da,https://open.spotify.com/artist/6vXYoy8ouRVib302zxaxFF?si=ZZ_5FJK6QKetqBUGskj7hA,Amerikansk deathcore-band leverer teknisk ekvilibrisme og et intenst sceneshow.,ğŸ’€Nej,ğŸ’€Nej, , ,21:30,28jun 2023,2023-06-28 21:30:00+02:00
Lous And The Yakuza,https://www.roskilde-festival.dk/da/years/2023/acts/lous-and-the-yakuza/,CD/BE,ğŸ‘© Eos,19:30 Torsdag 29. juni 2023,https://www.instagram.com/lousandtheyakuza/?hl=da,https://open.spotify.com/artist/2HPiMwJktBXqakN0hnON2R?si=Uu0a0RThSf6zhKBG2N0oLw,Fransksproget pop med soulet sensualitet fra congolesisk-belgisk stjerneskud.,ğŸ˜ŒTÃ¸mmermÃ¦ndsmusik, ,"rap pÃ¥ fransk, bliver ikke helt fanget af det", ,19:30,29jun 2023,2023-06-29 19:30:00+02:00
Loyle Carner,https://www.roskilde-festival.dk/da/years/2023/acts/loyle-carner/,UK,ğŸª Arena,21:30 LÃ¸rdag 1. juli 2023,https://www.instagram.com/loylecarner/,https://open.spotify.com/artist/4oDjh8wNW5vDHyFRrDYC4k?si=TDFmbRk2Rs-MEFdbCrrvzA,Kritikerrost engelsk hiphop med jazzet nerve og stÃ¦rkt personlige tekster , , , , ,21:30,1jul 2023,2023-07-01 21:30:00+02:00
Lucrecia Dalt,https://www.roskilde-festival.dk/da/years/2023/acts/lucrecia-dalt/,CO,ğŸï¸ Gloria,14:30 LÃ¸rdag 1. juli 2023,https://www.instagram.com/lucreciadalt/,https://open.spotify.com/artist/4LC4vkseYrSEDd6MjZvOO9?si=Lp2CM80cQe6fNp8mDJ-spA,Colombiansk tradition og futuristisk sci-fi i smuk forening,ğŸ˜ŒTÃ¸mmermÃ¦ndsmusik,ğŸ˜ŒTÃ¸mmermÃ¦ndsmusik,RIGTIG godt til tÃ¸mmermÃ¦nd, ,14:30,1jul 2023,2023-07-01 14:30:00+02:00
Luedji Luna,https://www.roskilde-festival.dk/da/years/2023/acts/luedji-luna/,BR,ğŸï¸ Gloria,16:30 Fredag 30. juni 2023,https://www.instagram.com/luedjiluna/,https://open.spotify.com/artist/0sWTkzCrdEvuX7Du6MFLzc?si=uh7BigCeRYmXaAKuzmraIQ,"KÃ¦rlighed, protest og afro-brasiliansk empowerment fra sjÃ¦lfuld stemme ",ğŸ˜ŒTÃ¸mmermÃ¦ndsmusik, ,"lÃ¦kker stemme, meget braziliansk!", ,16:30,30jun 2023,2023-06-30 16:30:00+02:00
Lyra Valenza,https://www.roskilde-festival.dk/da/years/2023/acts/lyra-valenza/,,Platform,00:30 LÃ¸rdag 1. juli 2023,https://www.instagram.com/lyraval_insta/?fbclid=IwAR2FeMwrS1qTFCruBosnWLnTnD594w0KHpgys-EoZZOdW8j0xj230sFTpNM,https://open.spotify.com/artist/34VlLtL7bIjD8JT48R3eJB?si=dxKK3keNRT-KCoqe4H35HA,Fremadskuende elektronisk musik fra stÃ¦rk dansk duo , , , , ,00:30,1jul 2023,2023-07-02 00:30:00+02:00
LÃ©on,https://www.roskilde-festival.dk/da/years/2023/acts/l%C3%A9on/,SE,ğŸ‘© Eos,17:00 Torsdag 29. juni 2023,http://instagram.com/leon,https://open.spotify.com/artist/4SqTiwOEdYrNayaGMkc7ia?si=zKFZl3yuQey6pzapc2w0QQ,Synth-eufori fra svensk popvidunder ,ğŸ‘Ja,ğŸ¤¯JA!,Hende kunstneren som Line lytter til hele tiden <3, ,17:00,29jun 2023,2023-06-29 17:00:00+02:00
Maja Malou Lyse & Esben Weile KjÃ¦r,https://www.roskilde-festival.dk/da/years/2023/acts/maja-malou-lyse-esben-weile-kj%C3%A6r/,DK,ğŸŸï¸ Festival Site,Onsdag 28. juni 2023,https://www.instagram.com/roskildefestival/,,To af de mest talentfulde danske kunstnere slÃ¥r sig sammen pÃ¥ dette Ã¥rs festival, , , , ,13:37,28jun 2023,2023-06-28 13:37:00+02:00
Maria NÃ¸rholm Ramouk,https://www.roskilde-festival.dk/da/years/2023/acts/maria-n%C3%B8rholm-ramouk/,DK/MA,ğŸŸï¸ Festival Site,Onsdag 28. juni 2023,https://www.instagram.com/maria.norholm.ramouk/,,Kunstner lÃ¦gger en beskyttende hÃ¥nd over dette Ã¥rs festivalgÃ¦ster , , , , ,13:37,28jun 2023,2023-06-28 13:37:00+02:00
Marikiscrycrycry,https://www.roskilde-festival.dk/da/years/2023/acts/marikiscrycrycry/,UK/US,Platform,19:30 Onsdag 28. juni 2023,https://www.instagram.com/marikiscrycrycry,,Anerkendt kunstner og koreograf skaber nyt performancevÃ¦rk til Roskilde Festival, , , , ,19:30,28jun 2023,2023-06-28 19:30:00+02:00
Martin Creed,https://www.roskilde-festival.dk/da/years/2023/acts/martin-creed/,UK,â›º Campsite,SÃ¸ndag 25. juni 2023,https://www.instagram.com/martin_creed,,En prisvindende kunstner skaber lysende appel til Ã¥rets festival med sit berÃ¸mte kunstvÃ¦rk, , , , ,13:37,25jun 2023,2023-06-25 13:37:00+02:00
Mas,https://www.roskilde-festival.dk/da/years/2023/acts/mas/,,ğŸ‘© Eos,23:45 Mandag 26. juni 2023,https://instagram.com/,https://open.spotify.com/artist/3Tg0bQKDqc4ONwmKywDq72?si=QcymDM16T4SV1c7Py4Y4PA,Dansk rap-hÃ¥b indtager Roskilde med imÃ¸deset debutalbum , , , , ,23:45,26jun 2023,2023-06-26 23:45:00+02:00
Mellemfolkeligt Samvirke,https://www.roskilde-festival.dk/da/years/2023/acts/mellemfolkeligt-samvirke/,,ğŸ“£ Flokkr,18:00 SÃ¸ndag 25. juni 2023,https://www.instagram.com/roskildefestival/,,"Mellemfolkeligt Samvirke kÃ¦mper for en mere retfÃ¦rdig og bÃ¦redygtig verden uden diskrimination, klimakrise og fattigdom. Det gÃ¸r de i Danmark og mere end 45 lande over hele verden", , , , ,18:00,25jun 2023,2023-06-25 18:00:00+02:00
Melodi Ghazal,https://www.roskilde-festival.dk/da/years/2023/acts/melodi-ghazal/,DK/IR,ğŸï¸ Gloria,16:30 Torsdag 29. juni 2023,https://www.instagram.com/melodighazal/,https://open.spotify.com/artist/6f05TSa46XPA6UoITTjqwm?si=oBbs2larRM-W1XiEs51bUw,Melodi Ghazal leverer pop med kant og iranske rÃ¸dder,ğŸ‘Ja, ,pop, ,16:30,29jun 2023,2023-06-29 16:30:00+02:00
Merro8,https://www.roskilde-festival.dk/da/years/2023/acts/merro8/,DK,ğŸ‘© Eos,18:15 Tirsdag 27. juni 2023,https://www.instagram.com/merro8__/,https://open.spotify.com/artist/5LcNaarbF34TMSkVLE7YQc?si=-xwaq9a6RvWOuyQ8MX_E9w,Rap-underdog med unik stemmefÃ¸ring , , , , ,18:15,27jun 2023,2023-06-27 18:15:00+02:00
Metteson,https://www.roskilde-festival.dk/da/years/2023/acts/metteson/,NO,ğŸï¸ Avalon,22:30 Fredag 30. juni 2023,https://www.instagram.com/mettesonmusic/?hl=en,https://open.spotify.com/artist/6I6dO1Ytvcv32R1uzP5oZD?si=UZ9PuEcSQki7g6_nYZ9_sg,Et af Skandinaviens nye pophÃ¥b indtager Roskilde med storslÃ¥ede popmusikalske dramaer ,ğŸ‘Ja, ,god pop, ,22:30,30jun 2023,2023-06-30 22:30:00+02:00
Militarie Gun,https://www.roskilde-festival.dk/da/years/2023/acts/militarie-gun/,US,ğŸŒ Gaia,16:00 LÃ¸rdag 1. juli 2023,https://www.instagram.com/MILITARIEGUN,https://open.spotify.com/artist/4us4NMG5wuqdUZvthZrj0Q?si=vPCuQBceQhO7jvhFx06Nqg,Original hardcore med rÃ¥ nerve og stÃ¦rke melodier  , , , , ,16:00,1jul 2023,2023-07-01 16:00:00+02:00
Minyo Crusaders,https://www.roskilde-festival.dk/da/years/2023/acts/minyo-crusaders/,JP,ğŸï¸ Avalon,19:30 Onsdag 28. juni 2023,https://www.instagram.com/minyocrusaders/,https://open.spotify.com/artist/1zpJ58qKOgKcWge9iaFxHG?si=WRWt5RdtSl-kfPedDCRaig,Gamle japanske arbejdersange i spraglede musikalske klÃ¦der ,ğŸ‘Ja, ,Japanere som spiller latinamerikansk musik, ,19:30,28jun 2023,2023-06-28 19:30:00+02:00
Mor,https://www.roskilde-festival.dk/da/years/2023/acts/mor/,SE,ğŸŒ Gaia,14:30 Torsdag 29. juni 2023,https://www.instagram.com/mor_wakeup,https://open.spotify.com/artist/4VLZWJV6x7gfDSasogv3sb?si=REB5zg_LS0W70ESxFAGJLw,"Svensk supertrio blander episk pop, hip-hop og eksperimentallyst",ğŸ‘Ja, ,Solidt JA! fin svensk pop , ,14:30,29jun 2023,2023-06-29 14:30:00+02:00
Nakkeknaekker,https://www.roskilde-festival.dk/da/years/2023/acts/nakkeknaekker/,DK,ğŸ‘© Eos,17:45 Mandag 26. juni 2023,https://www.instagram.com/nakkeknaekker/,https://open.spotify.com/playlist/5W0vbpdNlcuIw2N1S5Cr8C,MÃ¸gbeskidt dansk dÃ¸dsmetal med halsbrÃ¦kkende live-energi , , , , ,17:45,26jun 2023,2023-06-26 17:45:00+02:00
Namasenda,https://www.roskilde-festival.dk/da/years/2023/acts/namasenda/,SE,ğŸŒ Gaia,21:30 Tirsdag 27. juni 2023,https://www.instagram.com/usleemil/?hl=da,https://open.spotify.com/artist/13wADF4gMaMun7o6VzOzZp,HÃ¥rdtslÃ¥ende svensk hyperpop-kunstner med et arsenal af dansable sange, , , , ,21:30,27jun 2023,2023-06-27 21:30:00+02:00
Nausia,https://www.roskilde-festival.dk/da/years/2023/acts/nausia/,,ğŸŒ Gaia,14:00 Mandag 26. juni 2023,https://www.instagram.com/nausia_official/,https://open.spotify.com/artist/163o4DEcZVOmeIhbIlNjXr?si=fXKUyni2Tzq_vcsU_68oPg,KÃ¸benhavner-kvintet med personligt bud pÃ¥ spirituel jazz , , , , ,14:00,26jun 2023,2023-06-26 14:00:00+02:00
Neon Priest,https://www.roskilde-festival.dk/da/years/2023/acts/neon-priest/,,ğŸ‘© Eos,19:15 SÃ¸ndag 25. juni 2023,https://www.instagram.com/neonpriest/,https://open.spotify.com/artist/2ABpmoGVflrSQ8thdBjyrU?si=w3RjYdngSiaJfG5ygMkdSg,Nedsmeltet pop i et eksplosivt elektronisk univers , , , , ,19:15,25jun 2023,2023-06-25 19:15:00+02:00
Newa,https://www.roskilde-festival.dk/da/years/2023/acts/newa/,GE,ğŸš€ Apollo,01:00 Torsdag 29. juni 2023,https://www.instagram.com/newa.music/,https://open.spotify.com/playlist/5W0vbpdNlcuIw2N1S5Cr8C,Fast Forward byder pÃ¥ eksperimenterende techno fra Georgien med Newa ,ğŸ¤¡Wildcard,ğŸ¤¡Wildcard,Techno med stort T, ,01:00,29jun 2023,2023-06-30 01:00:00+02:00
Nikki Lane,https://www.roskilde-festival.dk/da/years/2023/acts/nikki-lane/,US,ğŸŒ Gaia,21:00 Fredag 30. juni 2023,https://www.instagram.com/nikkilane77/,https://open.spotify.com/artist/2kWeFaiHBskk8oqky3KHcR?si=QfaxVXT6QZaFyk4gw5vxLg,En af den moderne outlaw countrys fineste sangskrivere,ğŸ¤¯JA!, ,Fed singer songwriter outlaw country music ğŸ”«ğŸ‡, ,21:00,30jun 2023,2023-06-30 21:00:00+02:00
Nora Brown,https://www.roskilde-festival.dk/da/years/2023/acts/nora-brown/,US,ğŸï¸ Gloria,14:30 Torsdag 29. juni 2023,https://www.instagram.com/little.nb/,https://open.spotify.com/artist/7h7pPNSsoz0NnyDmIqY7OT?si=H6QNFaRkShOxfc3D2zZorw,Banjo-vidunder med sjÃ¦lfuldt take pÃ¥ amerikansk folk,ğŸ‘Ja, ,banjo-singer-songwriter, ,14:30,29jun 2023,2023-06-29 14:30:00+02:00
Nova Twins,https://www.roskilde-festival.dk/da/years/2023/acts/nova-twins/,UK,ğŸ‘© Eos,01:00 Torsdag 29. juni 2023,https://www.instagram.com/novatwinsmusic/,https://open.spotify.com/artist/7I95CM75shzCjHuTzrepjM?si=n7bS8RbGQLCP7CDpblx2nA,En supernova af urban punk rammer Roskilde,ğŸ¤¡Wildcard, ,linkin park agtigt,ğŸ’¥ğŸ¸ğŸ¤˜ğŸŒƒ,01:00,29jun 2023,2023-06-30 01:00:00+02:00
Oxfam Danmark,https://www.roskilde-festival.dk/da/years/2023/acts/oxfam-danmark/,DK,ğŸ“£ Flokkr,14:00 SÃ¸ndag 25. juni 2023,https://www.instagram.com/oxfamibis/,,"Hver dag kÃ¦mper millioner af fattige mennesker over hele verden for overlevelse og basale rettigheder. Oxfam Danmark arbejder for at afskaffe den samfundsskabte ulighed, som er Ã¥rsag til dette. Det gÃ¸r de med fokus pÃ¥ uddannelse, Ã¸konomisk ulighed, sociale rettigheder, fredsopbygning, humanitÃ¦r bistand samt kÃ¸ns- og klimaretfÃ¦rdighed ", , , , ,14:00,25jun 2023,2023-06-25 14:00:00+02:00
Pankisi Ensemble,https://www.roskilde-festival.dk/da/years/2023/acts/pankisi-ensemble/,,ğŸï¸ Gloria,12:30 LÃ¸rdag 1. juli 2023,https://www.instagram.com/ensemble_pankisi/,https://open.spotify.com/artist/79JiwHfJKVfomH1O3UwC3C?si=3_w46rs4SJqT8hAqwAWFBQ,Et sjÃ¦ldent og smukt blik ind i vokaltraditionerne fra Georgiens Pankisi-dal , , , , ,12:30,1jul 2023,2023-07-01 12:30:00+02:00
Perturbator,https://www.roskilde-festival.dk/da/years/2023/acts/perturbator/,FR,ğŸš€ Apollo,00:00 LÃ¸rdag 1. juli 2023,https://www.instagram.com/perturbatormusic/,https://open.spotify.com/artist/244uLu9lkdw39BJwlul3k8?si=KIjHw2j-SzOUI_DTC3mrVg,Iskold synthwave fra fransk mÃ¸rkemester,ğŸ‘Ja, ,mÃ¸rk synth-pop, ,00:00,1jul 2023,2023-07-02 00:00:00+02:00
Phelimuncasi,https://www.roskilde-festival.dk/da/years/2023/acts/phelimuncasi/,ZA,ğŸï¸ Gloria,01:30 LÃ¸rdag 1. juli 2023,https://www.instagram.com/realphelimuncasi/,https://open.spotify.com/artist/6efWsNfg9E1PSj46UWcxOx?si=y8fvIifRQcysfUEsS-Y2PA,Radikal sydafrikansk dansemusik med revolutionÃ¦r energi,ğŸ˜ŒTÃ¸mmermÃ¦ndsmusik, ,sounds like something partiboy69 would sample, ,01:30,1jul 2023,2023-07-02 01:30:00+02:00
Phloem,https://www.roskilde-festival.dk/da/years/2023/acts/phloem/,,ğŸš€ Apollo,19:00 Onsdag 28. juni 2023,https://www.instagram.com/__phloem__/,https://open.spotify.com/playlist/5W0vbpdNlcuIw2N1S5Cr8C,Fra mellow sommerstemning til hÃ¥rd dansefest med DJ-sÃ¦t fra Phloem , , , , ,19:00,28jun 2023,2023-06-28 19:00:00+02:00
Pil,https://www.roskilde-festival.dk/da/years/2023/acts/pil/,,ğŸ‘© Eos,19:15 Mandag 26. juni 2023,https://www.instagram.com/pillowich/,https://open.spotify.com/artist/3vSX14E4YqHrx8nyXeOVen?si=iEXx6FewSVahHOT6CtqkdA,UimodstÃ¥elige popsange med et stort og sÃ¥rbart hjerte , , , , ,19:15,26jun 2023,2023-06-26 19:15:00+02:00
Piri,https://www.roskilde-festival.dk/da/years/2023/acts/piri/,UK,ğŸš€ Apollo,00:00 Onsdag 28. juni 2023,https://www.instagram.com/piri.io_/,https://open.spotify.com/artist/4DpmPt7gfAAq7WEx0E1X8s?si=Ge8sDRFwT9qf-J6c9Cw5dg,Engelsk sanger bringer drumâ€™nâ€™bass-musikken ind i fremtiden ,ğŸ¤¯JA!, ,chill d&b, ,00:00,28jun 2023,2023-06-29 00:00:00+02:00
Pleaser,https://www.roskilde-festival.dk/da/years/2023/acts/pleaser/,,ğŸŒ Gaia,17:00 Mandag 26. juni 2023,https://www.instagram.com/pleasercph/,https://open.spotify.com/artist/402XZzUu3B8SejOeEGFYqi?si=7hSkKMsOQpC-PCOC-rB2Zg,Skarpe melodier og skramlet Ã¦stetik fra kÃ¸benhavnske punk-nykommere , , , , ,17:00,26jun 2023,2023-06-26 17:00:00+02:00
Pongo,https://www.roskilde-festival.dk/da/years/2023/acts/pongo/,AO/PT,ğŸï¸ Gloria,00:00 Torsdag 29. juni 2023,https://www.instagram.com/pongo_official/,https://open.spotify.com/artist/17MjqHVqjHRfIKAKen6o34?si=4dX6-FWlQq6aB5CoEmXjvw,Dronningen af progressiv kuduro sÃ¦tter gang i dansegulvet ,ğŸ¤¡Wildcard,ğŸ¤¡Wildcard,Afrikansk dansemusik!, ,00:00,29jun 2023,2023-06-30 00:00:00+02:00
Prisma,https://www.roskilde-festival.dk/da/years/2023/acts/prisma/,DK,ğŸï¸ Avalon,00:30 Torsdag 29. juni 2023,https://www.instagram.com/prisma.theband/?hl=da,https://open.spotify.com/artist/5b02TpKt4S8eb9f7Smg8Au?si=2IYe4ilmTve_OLi8DYtgtw,Ultra-catchy indierock fra danske power-sÃ¸stre.,ğŸ‘Ja, ,dejlig er jorden pop, ,00:30,29jun 2023,2023-06-30 00:30:00+02:00
Queens Of The Stone Age,https://www.roskilde-festival.dk/da/years/2023/acts/queens-of-the-stone-age/,US,ğŸª Arena,00:15 Onsdag 28. juni 2023,https://www.instagram.com/queensofthestoneage,https://open.spotify.com/artist/4pejUc4iciQfgdX6OKulQn,Josh Hommes Ã¸rkenrock-mastodonter er tilbage med nyt materiale.,ğŸ˜ŒTÃ¸mmermÃ¦ndsmusik, , , ,00:15,28jun 2023,2023-06-29 00:15:00+02:00
Queens Of The Stone Age,https://www.roskilde-festival.dk/da/years/2023/acts/queens-of-the-stone-age/,US,ğŸª Arena,00:15 Onsdag 28. juni 2023,https://www.instagram.com/queensofthestoneage,https://open.spotify.com/artist/4pejUc4iciQfgdX6OKulQn,Josh Hommes Ã¸rkenrock-mastodonter er tilbage med nyt materiale.,ğŸ˜ŒTÃ¸mmermÃ¦ndsmusik, , , ,00:15,28jun 2023,2023-06-29 00:15:00+02:00
Rachel Noon,https://www.roskilde-festival.dk/da/years/2023/acts/rachel-noon/,US,ğŸš€ Apollo,02:30 Torsdag 29. juni 2023,https://www.instagram.com/rachelnoondj/,https://open.spotify.com/playlist/5W0vbpdNlcuIw2N1S5Cr8C,Ustoppelig energi og rave-Ã¥nd fra feteret Brooklyn-DJ  ,ğŸ‘Ja,ğŸ¤¡Wildcard,vanvittigt rave!! Skal lige hÃ¸re det her set fÃ¦rdigt pÃ¥ et tidspunkt: https://www.youtube.com/watch?v=XFrYM7n0Dlo, ,02:30,29jun 2023,2023-06-30 02:30:00+02:00
Rapolitics,https://www.roskilde-festival.dk/da/years/2023/acts/rapolitics/,DK,ğŸ“£ Flokkr,18:00 Tirsdag 27. juni 2023,https://www.instagram.com/rapolitics/,,"Rapolitics hjÃ¦lper unge med at fÃ¥ en stemme i politiske sager, der vedrÃ¸rer og pÃ¥virker deres verden og hverdag", , , , ,18:00,27jun 2023,2023-06-27 18:00:00+02:00
Regitze Engelsborg Karlsen,https://www.roskilde-festival.dk/da/years/2023/acts/regitze-engelsborg-karlsen/,DK,ğŸŸï¸ Festival Site,Onsdag 28. juni 2023,https://www.instagram.com/regitze_engelsborg_karlsen/,,Jorden under festivalen fÃ¥r sanseligt og poetisk udtryk ved Orange Scene , , , , ,13:37,28jun 2023,2023-06-28 13:37:00+02:00
Rema,https://www.roskilde-festival.dk/da/years/2023/acts/rema/,NG,ğŸª Arena,21:00 Onsdag 28. juni 2023,https://www.instagram.com/heisrema/,https://open.spotify.com/artist/46pWGuE3dSwY3bMMXGBvVS?si=ML0yJPlXRPqx4iBH4W4NCw,Den unge nigerianske stjerne bringer sine afro-rave-sange til Roskilde,ğŸ‘Ja, ,commercial african pop. So smooth and well-produced, ,21:00,28jun 2023,2023-06-28 21:00:00+02:00
Resonerende Rum,https://www.roskilde-festival.dk/da/years/2023/acts/resonerende-rum/,DK,Platform,11:30 LÃ¸rdag 1. juli 2023,https://www.instagram.com/resonating_rooms/,,The Sound of Every Day â€“ Roskilde samler selve lyden af Roskilde Festival i et klingende lydportrÃ¦t, , , , ,11:30,1jul 2023,2023-07-01 11:30:00+02:00
Rina Sawayama,https://www.roskilde-festival.dk/da/years/2023/acts/rina-sawayama/,UK/JP,ğŸª Arena,20:45 Torsdag 29. juni 2023,https://www.instagram.com/rinasonline/,https://open.spotify.com/artist/2KEqzdPS7M5YwGmiuPTdr5,Fremtidspop i sjette gear med koloenorme hooks og helteguitar. ,ğŸ‘Ja, ,party-pop, ,20:45,29jun 2023,2023-06-29 20:45:00+02:00
Rokia KonÃ©,https://www.roskilde-festival.dk/da/years/2023/acts/rokia-kon%C3%A9/,,ğŸï¸ Avalon,18:00 Fredag 30. juni 2023,https://www.instagram.com/rokiakonemusic/,https://open.spotify.com/artist/5SU4pT9l4cpiEcp4IdiuTb?si=d-Idm02qQpahJSt1WqVXLA,Vidtfavnende sangerinde fra Mali bygger bro mellem traditionelle rÃ¸dder og moderne klange ,ğŸ˜ŒTÃ¸mmermÃ¦ndsmusik, , , ,18:00,30jun 2023,2023-06-30 18:00:00+02:00
RosalÃ­a,https://www.roskilde-festival.dk/da/years/2023/acts/rosal%C3%ADa/,ES,ğŸª Arena,23:15 Fredag 30. juni 2023,https://www.instagram.com/rosalia.vt/,https://open.spotify.com/artist/7ltDVBr6mKbRvohxheJ9h1?si=2Zl19AkwSmuH24jw5UdaNA,Med sin seneste triumf af et album vender den visionÃ¦re spanske popstjerne tilbage til Roskilde,ğŸ¤¯JA!,ğŸ‘Ja,fed latina pop (minder om camila cabello), ,23:15,30jun 2023,2023-06-30 23:15:00+02:00
Ruslan Mays,https://www.roskilde-festival.dk/da/years/2023/acts/ruslan-mays/,UA,ğŸš€ Apollo,02:30 Torsdag 29. juni 2023,https://www.instagram.com/ruslanmays/?hl=da,https://open.spotify.com/artist/1YeeNkaw6ahO6STbC1wliv?si=lLnYzZ9RQ02LFyKnIKhV0Q,Dedikeret ambassadÃ¸r for Kyivs techno-undergrund gÃ¦ster Fast Forward-natten pÃ¥ Roskilde,ğŸ¤¯JA!,ğŸ¤¡Wildcard,Mere techno!!, ,02:30,29jun 2023,2023-06-30 02:30:00+02:00
Saint Clara,https://www.roskilde-festival.dk/da/years/2023/acts/saint-clara/,DK,ğŸª Arena,13:15 LÃ¸rdag 1. juli 2023,https://www.instagram.com/saint_clara/,https://open.spotify.com/artist/7c1rIwBQdZMoJD4VE9luoS?si=3xUDNDYbRSC1hFEZufY2NQ,Ung popkomet lover sÃ¦rligt show pÃ¥ Roskilde,ğŸ˜ŒTÃ¸mmermÃ¦ndsmusik,ğŸ‘Ja,jada-kinda-vibe, ,13:15,1jul 2023,2023-07-01 13:15:00+02:00
Scowl,https://www.roskilde-festival.dk/da/years/2023/acts/scowl/,US,ğŸŒ Gaia,17:30 Onsdag 28. juni 2023,https://www.instagram.com/scowl40831/,https://open.spotify.com/artist/6hW33nVHPElaXuG2hQ0QOp?si=zQqApDN7TLm1Znpkox0n_Q,"Eksplosiv californisk hardcore med plads til stÃ¸j, skrig og stÃ¦rke melodier", , , , ,17:30,28jun 2023,2023-06-28 17:30:00+02:00
Selina Gin,https://www.roskilde-festival.dk/da/years/2023/acts/selina-gin/,DK,ğŸ‘© Eos,14:45 Mandag 26. juni 2023,https://www.instagram.com/selinagin/,https://open.spotify.com/artist/5gghGLi5wwcWOeDIgnuVoo?si=MuTSUHcIR4ud27qv7dky8Q,Tidligere Nelson Can-musiker leverer sofistikeret indiepop med tÃ¥rnhÃ¸je ambitioner , , , , ,14:45,26jun 2023,2023-06-26 14:45:00+02:00
"Sex & Samfund, Copenhagen Pride, KÃ¸benhavns Frie Promotere, Mino Ung & Rfsu",https://www.roskilde-festival.dk/da/years/2023/acts/sex-samfund-copenhagen-pride-k%C3%B8benhavns-frie-promotere-mino-ung-rfsu/,DK,ğŸ“£ Flokkr,16:30 Tirsdag 27. juni 2023,https://www.instagram.com/roskildefestival/,,"Kom til debat om diskrimination i det kÃ¸benhavnske natteliv og om, hvordan vi skaber tryggere festivaler", , , , ,16:30,27jun 2023,2023-06-27 16:30:00+02:00
Shasimone,https://www.roskilde-festival.dk/da/years/2023/acts/shasimone/,UK,ğŸ‘© Eos,13:00 Fredag 30. juni 2023,https://www.instagram.com/shasimone/,https://open.spotify.com/artist/0R9Z8Eu8CF5KN4zLJSRFJw?si=dcCDNJIGSrqSAVj12YRyJw,Britisk-ghanesisk raptalent pÃ¥ vej mod kogepunktet,ğŸ‘Ja, ,"Britisk hiphop, gode beats med ghanesiske undertoner!", ,13:00,30jun 2023,2023-06-30 13:00:00+02:00
ShaÃ© Universe,https://www.roskilde-festival.dk/da/years/2023/acts/sha%C3%A9-universe/,NG,ğŸ‘© Eos,15:15 Torsdag 29. juni 2023,https://www.instagram.com/shaesuniverse/?hl=en,https://open.spotify.com/artist/5gaElx30yTGGiOCVnml29N?si=PwYM84maSe6an1qoaa0VdA,"Fantastisk nigeriansk sangerinde forener soul, R&B og drill",ğŸ˜ŒTÃ¸mmermÃ¦ndsmusik,ğŸ‘Ja,Mega smooth soul og R&B, ,15:15,29jun 2023,2023-06-29 15:15:00+02:00
Siamese,https://www.roskilde-festival.dk/da/years/2023/acts/siamese/,DK,ğŸï¸ Avalon,20:00 LÃ¸rdag 1. juli 2023,https://www.instagram.com/siamese_band,https://open.spotify.com/artist/0Hx4gv3eoiodtu6XYHF1X0?si=s2NPDz7hS32E&nd=1,Genrenedbrydende metal med tunge guitarbredsider og storladne poppede omkvÃ¦d,ğŸ¤¡Wildcard, ,solid rock,ğŸ¸ğŸ¤˜ğŸ¶ğŸ’¥ğŸ’«,20:00,1jul 2023,2023-07-01 20:00:00+02:00
Sisso & Maiko + Rehema & Asher Tajiri,https://www.roskilde-festival.dk/da/years/2023/acts/sisso-maiko-plus-rehema-asher-tajiri/,TZ,ğŸï¸ Gloria,23:30 Onsdag 28. juni 2023,https://www.instagram.com/rehematajiriofficial/,https://open.spotify.com/album/5Hzxd5QnTg3dSovyTXv6F5?si=ndrwJrAWQUGNBmXMRgsq0g,"Dar Es Salaams punkede og hurtige elektroniske dansemusik, singeli, sÃ¦tter gang i kroppen ",ğŸ¤¡Wildcard, ,808's og traditionelt afrikansk. ,ğŸ§ğŸŒƒğŸ’ƒğŸ•ºğŸ¶,23:30,28jun 2023,2023-06-28 23:30:00+02:00
Siti Muharam,https://www.roskilde-festival.dk/da/years/2023/acts/siti-muharam/,TZ,ğŸï¸ Gloria,12:30 Fredag 30. juni 2023,https://www.instagram.com/roskildefestival/,https://open.spotify.com/artist/2YiO4vmSdl8Pz3MFyohYyo?si=oZD8g-97QK2iFuwVsS96xg,Taarab-genrens gyldne stemme giver nyt liv til stÃ¦rk sangarv , , , , ,12:30,30jun 2023,2023-06-30 12:30:00+02:00
SituationsfornÃ¦rmelse,https://www.roskilde-festival.dk/da/years/2023/acts/situationsforn%C3%A6rmelse/,DK,ğŸŒ Gaia,15:30 Tirsdag 27. juni 2023,https://www.instagram.com/situationsfornaermelse/?hl=da,https://open.spotify.com/artist/6ndFd1sXXoVHSOZmOscjCl?si=QdWczM01QxiG1Zc_uC1Mlg,RapkÃ¦ftet dansksproget lÃ¸mmelrock fra Aarhus , , , , ,15:30,27jun 2023,2023-06-27 15:30:00+02:00
Snorre Elvin,https://www.roskilde-festival.dk/da/years/2023/acts/snorre-elvin/,,Platform,18:00 Torsdag 29. juni 2023,https://www.instagram.com/snorreeelvin/,,Danser og koreograf inviterer os til sin kontinuerlige vandrende forestilling pÃ¥ Platform, , , , ,18:00,29jun 2023,2023-06-29 18:00:00+02:00
Sofie Birch,https://www.roskilde-festival.dk/da/years/2023/acts/sofie-birch/,,Platform,13:30 LÃ¸rdag 1. juli 2023,https://www.instagram.com/sofiebirchxix/,https://open.spotify.com/artist/6kEyGr2dFnzcKGxpHmnJnn?si=zBFSPygySROEXu5Psra3ig,Tag en meditativ pause med Sofie Birchs helbredende klange og drÃ¸mmende ambient , , , , ,13:30,1jul 2023,2023-07-01 13:30:00+02:00
Sofie Riise Nors,https://www.roskilde-festival.dk/da/years/2023/acts/sofie-riise-nors/,DK,ğŸ“£ Flokkr,10:00 SÃ¸ndag 25. juni 2023,https://www.instagram.com/sofieriisenors/,,"Kom til feministisk tegneworkshop, hvor du kan konfrontere din indre patriarkalske kritiker", , , , ,10:00,25jun 2023,2023-06-25 10:00:00+02:00
Son Rompe Pera,https://www.roskilde-festival.dk/da/years/2023/acts/son-rompe-pera/,MX,ğŸŒ Gaia,00:30 Onsdag 28. juni 2023,https://www.instagram.com/sonrompepera/,https://open.spotify.com/artist/0UKHKimjIGeFoS29LxWf4V?si=8cVHUSyWQnyYL2Nc0pRrnQ,Mexicansk kvintet sÃ¦tter gang i moshpit med cumbia og marimba-punk ,ğŸ¤¯JA!,ğŸ‘Ja,cumbia-dansefest, ,00:30,28jun 2023,2023-06-29 00:30:00+02:00
Sonic Girl,https://www.roskilde-festival.dk/da/years/2023/acts/sonic-girl/,,ğŸ‘© Eos,22:15 SÃ¸ndag 25. juni 2023,https://www.instagram.com/sonicgirl_world/,https://open.spotify.com/artist/31vO4IuGYTlzTeEPIVw8TR?si=7svqwuKESZqdiPqHxw5SKg,Futuristisk popfest fra dansk hyperpop-vidunder ,ğŸ˜ŒTÃ¸mmermÃ¦ndsmusik, ,lidt for futuristisk til mig, ,22:15,25jun 2023,2023-06-25 22:15:00+02:00
Sorry,https://www.roskilde-festival.dk/da/years/2023/acts/sorry/,UK,ğŸï¸ Gloria,20:30 LÃ¸rdag 1. juli 2023,https://www.instagram.com/sorrybanduk/,https://open.spotify.com/artist/5eUda4BaWhUQWWJiP1ml5v?si=ct-EnbIsQuek3iOmUuqTRA,Skamrost London-kvintet fornyer rocken pÃ¥ underspillet og skramlet manÃ©r , , , , ,20:30,1jul 2023,2023-07-01 20:30:00+02:00
Soul Glo,https://www.roskilde-festival.dk/da/years/2023/acts/soul-glo/,US,ğŸï¸ Gloria,18:30 Torsdag 29. juni 2023,https://www.instagram.com/soulglophl/?hl=da,https://open.spotify.com/artist/0mWrp0C4ShdOjs7P29Gzan?si=AZl6I0W8Rrm5bbpgyULsmA,"Indignerede hardcorepunkere leger med blÃ¦sere, samples og hiphopbeats.",ğŸ’€Nej,ğŸ’€Nej, , ,18:30,29jun 2023,2023-06-29 18:30:00+02:00
Special Interest,https://www.roskilde-festival.dk/da/years/2023/acts/special-interest/,US,ğŸï¸ Gloria,20:30 Torsdag 29. juni 2023,https://www.instagram.com/specialinterest.no,https://open.spotify.com/artist/2CYTLJOt91YLe1JLStFu6m?si=bLULh4MaRvil5mx9zjWMgA,"Eklektisk punkband fÃ¥r dig til at danse, mens verden forfalder",ğŸ˜ŒTÃ¸mmermÃ¦ndsmusik,ğŸ˜ŒTÃ¸mmermÃ¦ndsmusik,"lidt kedeligt, punk/elektronisk ish", ,20:30,29jun 2023,2023-06-29 20:30:00+02:00
Stundom,https://www.roskilde-festival.dk/da/years/2023/acts/stundom/,,ğŸŒ Gaia,14:00 SÃ¸ndag 25. juni 2023,https://www.instagram.com/stundommusic,https://open.spotify.com/artist/4Cp4SR2SzIHbNvC25Zxk2b?si=3Kfv97UXQV-zb4TdC09_OA,En lyrisk og kammermusikalsk dans med den nordiske folkemusik , , , , ,14:00,25jun 2023,2023-06-25 14:00:00+02:00
Sudan Archives,https://www.roskilde-festival.dk/da/years/2023/acts/sudan-archives/,US,ğŸï¸ Avalon,17:30 Torsdag 29. juni 2023,https://www.instagram.com/sudanarchives/,https://open.spotify.com/artist/2MPHBxznH1fj59jbOWY38u?si=iQMGOX2VTFWEubsuIqH9uw,VisionÃ¦r kunstner leverer afrofuturistisk soulmusik og personlige sange,ğŸ˜ŒTÃ¸mmermÃ¦ndsmusik,ğŸ˜ŒTÃ¸mmermÃ¦ndsmusik, , ,17:30,29jun 2023,2023-06-29 17:30:00+02:00
Sugar,https://www.roskilde-festival.dk/da/years/2023/acts/sugar/,DK,ğŸš€ Apollo,01:00 Torsdag 29. juni 2023,https://www.instagram.com/sugar_electronics/,,Medrivende techno med Ã¥ndelige rÃ¸dder i punkens og metallens intensitet,ğŸ¤¡Wildcard,ğŸ¤¡Wildcard,Hvis jeg er fuld og i festhumÃ¸r, ,01:00,29jun 2023,2023-06-30 01:00:00+02:00
Sulka,https://www.roskilde-festival.dk/da/years/2023/acts/sulka/,,ğŸ‘© Eos,19:15 Tirsdag 27. juni 2023,https://www.instagram.com/_sulka/,https://open.spotify.com/artist/467BSFPrqZP3HT6dXzsBqv?si=ozFBw44tQvKljlIQX4RJ7g,Original hip-hop med poetiske ambitioner og sylespidse linjer , , , , ,19:15,27jun 2023,2023-06-27 19:15:00+02:00
SÃ³ley RagnarsdÃ³ttir,https://www.roskilde-festival.dk/da/years/2023/acts/s%C3%B3ley-ragnarsd%C3%B3ttir/,DK/IS,ğŸŸï¸ Festival Site,Onsdag 28. juni 2023,https://www.instagram.com/soleygendary/,,10 meter langt servietmÃ¸nster udfordrer vÃ¦rdien af kvinders arbejde, , , , ,13:37,28jun 2023,2023-06-28 13:37:00+02:00
Tacobitch,https://www.roskilde-festival.dk/da/years/2023/acts/tacobitch/,NO,ğŸŒ Gaia,23:00 Tirsdag 27. juni 2023,https://www.instagram.com/tacobitchcollective/?hl=da,https://open.spotify.com/artist/4f01Fmn2QMGILvDutjQqoV?si=JWc0jB4FRr6P2eblczWKSw,"Norsk kollektiv byder pÃ¥ excentrisk blanding af punk, stÃ¸j og techno i et vildt live-show ", , , , ,23:00,27jun 2023,2023-06-27 23:00:00+02:00
Tarick,https://www.roskilde-festival.dk/da/years/2023/acts/tarick/,,ğŸ‘© Eos,20:45 Mandag 26. juni 2023,https://www.instagram.com/tarickcph_official/,https://open.spotify.com/artist/5okfcG5ILSySJxqMiaRwmH?si=4sO3ieYMQrK7omwT-fILPQ,"Melodisk og medrivende blanding af afrobeat, rap og kontemporÃ¦r R&B ", , , , ,20:45,26jun 2023,2023-06-26 20:45:00+02:00
Tarrak,https://www.roskilde-festival.dk/da/years/2023/acts/tarrak/,GL,ğŸŒ Gaia,21:30 Mandag 26. juni 2023,https://www.instagram.com/joseftarrak/,https://open.spotify.com/artist/3FTKo3aheAF0aAxbJWyiP8?si=ohT_YGulQSS2Z0HH0G8o1Q,En af GrÃ¸nlands vigtigste rappere kÃ¦mper mod kolonialistisk tÃ¦nkning med personlige tekster , , , , ,21:30,26jun 2023,2023-06-26 21:30:00+02:00
Temp-Illusion,https://www.roskilde-festival.dk/da/years/2023/acts/temp-illusion/,IR,ğŸï¸ Gloria,22:15 LÃ¸rdag 1. juli 2023,https://www.instagram.com/temp_illusion/,https://open.spotify.com/artist/3N5AoyMmO9exmmlvdhWAWr?si=VS9Rt1XHRP6kF7Vwqj0QLA,Radikal elektronisk musik fra Iran med dystert fokus pÃ¥ mediernes virkelighedsforvrÃ¦ngning , , , , ,22:15,1jul 2023,2023-07-01 22:15:00+02:00
Tender Youth,https://www.roskilde-festival.dk/da/years/2023/acts/tender-youth/,,ğŸŒ Gaia,17:00 Tirsdag 27. juni 2023,https://www.instagram.com/tender.youth/,https://open.spotify.com/artist/6WVXw9VBHTxHbtKoiMhKo2?si=m-_6bWFKTjmAm4kmU9mt5w,Stilsikker blanding af postpunk og stÃ¸jrock tilsat ungdommelig nerve , , , , ,17:00,27jun 2023,2023-06-27 17:00:00+02:00
The Po' Ramblin' Boys,https://www.roskilde-festival.dk/da/years/2023/acts/the-po-ramblin-boys/,US,ğŸŒ Gaia,12:00 Fredag 30. juni 2023,https://www.instagram.com/poramblinboys/,https://open.spotify.com/artist/65XZgRZMfuSawjuSFrnz0o?si=5HaU1B7PRpeTGYIJhg7m-w,Autentisk og hÃ¥ndspillet bluegrass direkte fra Tennessee,ğŸ¤¯JA!, ,YEEEEEEHAAAAAAWWWW, ,12:00,30jun 2023,2023-06-30 12:00:00+02:00
Tinariwen,https://www.roskilde-festival.dk/da/years/2023/acts/tinariwen/,ML,ğŸŸ  Orange,17:00 LÃ¸rdag 1. juli 2023,https://www.instagram.com/tinariwen/,https://open.spotify.com/artist/2sf2owtFSCvz2MLfxmNdkb?si=kRwkmudqT0eiJqAjRM84DQ,Kongerne af Ã¸rkenblues vender endelig tilbage til Roskilde Festival,ğŸ˜ŒTÃ¸mmermÃ¦ndsmusik, ,kogeren afrikansk pop, ,17:00,1jul 2023,2023-07-01 17:00:00+02:00
Tobias Rahim,https://www.roskilde-festival.dk/da/years/2023/acts/tobias-rahim/,DK,ğŸŸ  Orange,19:30 LÃ¸rdag 1. juli 2023,https://www.instagram.com/tobiasrahim/,https://open.spotify.com/artist/1w2fVGZN37TieWhlqS8UwB?si=rDWdvIP8S5uviznRUCp3eA,Den kapitalismekritiske hitsmed er klar til at erobre Orange Scene.,ğŸ¤¯JA!,ğŸ¤¯JA!, , ,19:30,1jul 2023,2023-07-01 19:30:00+02:00
Tootard,https://www.roskilde-festival.dk/da/years/2023/acts/tootard/,INT,ğŸŒ Gaia,21:00 LÃ¸rdag 1. juli 2023,https://www.instagram.com/tootard/,https://open.spotify.com/artist/7nSWA1659h0Vb1EyjJdSFV?si=PECZYCplS1uCw5PKf-nr_A,GrÃ¦nselÃ¸s pan-arabisk dansefest fra GolanhÃ¸jderne,ğŸ¤¯JA!, ,hypnotic arabic disco, ,21:00,1jul 2023,2023-07-01 21:00:00+02:00
Tore Hallas,https://www.roskilde-festival.dk/da/years/2023/acts/tore-hallas/,DK,ğŸŸï¸ Festival Site,Onsdag 28. juni 2023,https://www.instagram.com/torehallas/,,"Tykhed og querness er i fokus, nÃ¥r kunstner stiller skarpt pÃ¥ kroppen  ", , , , ,13:37,28jun 2023,2023-06-28 13:37:00+02:00
Tove Lo,https://www.roskilde-festival.dk/da/years/2023/acts/tove-lo/,SE,ğŸŸ  Orange,19:30 Torsdag 29. juni 2023,https://www.instagram.com/tovelo/,https://open.spotify.com/artist/4NHQUGzhtTLFvgF5SZesLK?si=nubtht6NTmOmCb_PoSzMdQ,"Tove Lo leverer popfest med styrke, sÃ¥rbarhed og lyst",ğŸ¤¯JA!,ğŸ¤¯JA!,det' jo bare go' pop., ,19:30,29jun 2023,2023-06-29 19:30:00+02:00
Trine Struwe,https://www.roskilde-festival.dk/da/years/2023/acts/trine-struwe/,DK,ğŸŸï¸ Festival Site,Onsdag 28. juni 2023,https://www.instagram.com/trinestruwe/,,Nyt kunstvÃ¦rk hjÃ¦lper festivalgÃ¦sterne med at finde hinanden  , , , , ,13:37,28jun 2023,2023-06-28 13:37:00+02:00
Tuhaf,https://www.roskilde-festival.dk/da/years/2023/acts/tuhaf/,,ğŸŒ Gaia,20:00 SÃ¸ndag 25. juni 2023,https://www.instagram.com/tuhafcph/,https://open.spotify.com/artist/2kuLzZQ9YqwrjVCxjV1ZuB?si=ZzIlL0A0SGCG19N1ewNf5w,En farverig og psykedelisk eksplosion af tyrkisk rock og dansk protestfolk , , , , ,20:00,25jun 2023,2023-06-25 20:00:00+02:00
Turning Tables Danmark,https://www.roskilde-festival.dk/da/years/2023/acts/turning-tables-danmark/,DK,ğŸ“£ Flokkr,10:00 SÃ¸ndag 25. juni 2023,https://www.instagram.com/turningtablesdanmark/,,"Turning Tables Danmark sparker dÃ¸ren ind til livsverdener, du mÃ¥ske ikke kender til, gennem koncerter, fotoudstillinger og en performance, der pisser dig af", , , , ,10:00,25jun 2023,2023-06-25 10:00:00+02:00
Txc,https://www.roskilde-festival.dk/da/years/2023/acts/txc/,ZA,ğŸš€ Apollo,20:00 LÃ¸rdag 1. juli 2023,https://www.instagram.com/____.txc.____/,https://open.spotify.com/artist/25j9xL1MTyuycuB2xy2Q9g?si=rF7VB3H9RbuL27syP4Rf3w,Charmerende duo bringer den sydafrikanske amapiano til Roskilde , , , , ,20:00,1jul 2023,2023-07-01 20:00:00+02:00
Uncle Waffles,https://www.roskilde-festival.dk/da/years/2023/acts/uncle-waffles/,,ğŸš€ Apollo,21:30 LÃ¸rdag 1. juli 2023,https://www.instagram.com/unclewaffles_/,https://open.spotify.com/artist/68McnNC9twEtiynOAJRRgZ?si=e5nwLixbSMqm6P_81UC-Wg,Rising star fra den house-inspirerede sydafrikanske amapiano-scene indtager Roskilde , , , , ,21:30,1jul 2023,2023-07-01 21:30:00+02:00
Undergrunn,https://www.roskilde-festival.dk/da/years/2023/acts/undergrunn/,NO,ğŸ‘© Eos,20:45 Tirsdag 27. juni 2023,https://www.instagram.com/undergrunnklikk/,https://open.spotify.com/artist/1LyYIhqdjG9R9VdIRSftBb?si=Eqt97yVeSrCflUWgXzAFTQ,Ung hverdag sat til skarpe beats fra norske hiphop-stjerner , , , , ,20:45,27jun 2023,2023-06-27 20:45:00+02:00
Uniform,https://www.roskilde-festival.dk/da/years/2023/acts/uniform/,US,ğŸï¸ Gloria,01:45 Torsdag 29. juni 2023,https://www.instagram.com/uniform_nyc/?hl=en,https://open.spotify.com/artist/3TaLdYu9rA6H364ROYMmvF?si=YGV_A5xpTxmFFTZ8zx8J6w,Knusende industrial og musikalsk delirium fra brutal New York-trio ,ğŸ’€Nej,ğŸ’€Nej,Ã¸v, ,01:45,29jun 2023,2023-06-30 01:45:00+02:00
Ussel,https://www.roskilde-festival.dk/da/years/2023/acts/ussel/,,ğŸ‘© Eos,22:15 Mandag 26. juni 2023,https://www.instagram.com/usleemil/,https://open.spotify.com/artist/13wADF4gMaMun7o6VzOzZp,USSEL danser med sine dÃ¦moner i en blanding af fÃ¦ngende pop og punket emo-rap , , , , ,22:15,26jun 2023,2023-06-26 22:15:00+02:00
Ustad Noor Bakhsh,https://www.roskilde-festival.dk/da/years/2023/acts/ustad-noor-bakhsh/,PK,ğŸï¸ Avalon,13:00 LÃ¸rdag 1. juli 2023,https://www.instagram.com/noorbenju/,https://open.spotify.com/artist/7LteUVt5zjstP7yHLFcYi8?si=LNuBNpWFT8iQStRK6C7Tqg,Poetiske naturmeditationer og tryllebindende toner fra pakistansk benju-mester, , , , ,13:00,1jul 2023,2023-07-01 13:00:00+02:00
VerdensmÃ¥l I HÃ¦nderne,https://www.roskilde-festival.dk/da/years/2023/acts/verdensm%C3%A5l-i-h%C3%A6nderne/,DK,ğŸ“£ Flokkr,10:00 SÃ¸ndag 25. juni 2023,https://www.instagram.com/roskildefestival/,,VÃ¦r med til at sÃ¦tte FN's VerdensmÃ¥l og det globale syd pÃ¥ dagsordenen, , , , ,10:00,25jun 2023,2023-06-25 10:00:00+02:00
Villano Antillano,https://www.roskilde-festival.dk/da/years/2023/acts/villano-antillano/,PR,ğŸ‘© Eos,19:00 Onsdag 28. juni 2023,https://www.instagram.com/villanoantillano/,https://open.spotify.com/artist/1pi7nGhOM7PTHR5YEgXVGq?autoplay=true,Den transkÃ¸nnede rapper skaber revolution pÃ¥ den latinamerikanske musikscene,ğŸ‘Ja,ğŸ‘Ja,feeeeeessssttt!! hiphop trap ish reggaeton, ,19:00,28jun 2023,2023-06-28 19:00:00+02:00
Wargasm,https://www.roskilde-festival.dk/da/years/2023/acts/wargasm/,UK,ğŸï¸ Avalon,00:30 LÃ¸rdag 1. juli 2023,https://www.instagram.com/thisiswargasmuk/,https://open.spotify.com/artist/1NRudBLaT84LXxfsYdFMhB?si=DSlo0XsZSbeDlEgZkSeeig,Kaosdyrkende duo byder pÃ¥ eksplicit totalshow af electro-metal og vokale slagsmÃ¥l , , , , ,00:30,1jul 2023,2023-07-02 00:30:00+02:00
Weyes Blood,https://www.roskilde-festival.dk/da/years/2023/acts/weyes-blood/,US,ğŸï¸ Avalon,16:00 LÃ¸rdag 1. juli 2023,https://www.instagram.com/weyesblood/,https://open.spotify.com/artist/3Uqu1mEdkUJxPe7s31n1M9,Det amerikanske vidunder vender tilbage til Roskilde med nyt sfÃ¦risk popmestervÃ¦rk,ğŸ˜ŒTÃ¸mmermÃ¦ndsmusik, ,slightly eery pop , ,16:00,1jul 2023,2023-07-01 16:00:00+02:00
Whitney,https://www.roskilde-festival.dk/da/years/2023/acts/whitney/,US,ğŸï¸ Avalon,18:15 LÃ¸rdag 1. juli 2023,https://www.instagram.com/whitneyband/,https://open.spotify.com/artist/32aUoW94mJ7xTJI7fG0V1G?si=laOXPAQnSPqFxTaiCgBw9g,Organisk indie-soul og varme vokalharmonier til sommeraftenen, , , , ,18:15,1jul 2023,2023-07-01 18:15:00+02:00
Witch Club Satan,https://www.roskilde-festival.dk/da/years/2023/acts/witch-club-satan/,NO,ğŸï¸ Gloria,00:00 LÃ¸rdag 1. juli 2023,https://www.instagram.com/witchclubsatan,https://open.spotify.com/artist/395rqoVSDgQIF7fzRfZIoy?si=DnP4wVZfTCK7EGA4KSkGWQ&nd=1,Hekseklubben sÃ¦tter ild til patriarkatet med norsk black metal.,ğŸ’€Nej, , , ,00:00,1jul 2023,2023-07-02 00:00:00+02:00
Wu-Lu,https://www.roskilde-festival.dk/da/years/2023/acts/wu-lu/,UK,ğŸŒ Gaia,23:30 Fredag 30. juni 2023,https://www.instagram.com/wulumusic/,https://open.spotify.com/artist/5yRolHpTcDas7KX7KiH6Wd?si=MXE9DC2EReibGukzDJbL1A,London-rapperen leverer brÃ¦ndstof til revolutionen med punket attitude,ğŸ’€Nej, ,skrige-metal, ,23:30,30jun 2023,2023-06-30 23:30:00+02:00
Yaya Bey,https://www.roskilde-festival.dk/da/years/2023/acts/yaya-bey/,US,ğŸ‘© Eos,19:00 Fredag 30. juni 2023,https://www.instagram.com/yayabeybay,https://open.spotify.com/artist/6tpaMMCs8X6o8j9H5OmWmT?si=IUmb46FEQGuTUlDKSRiI-A,StÃ¦rk soulstemme skaber et personligt og helende rum,ğŸ˜ŒTÃ¸mmermÃ¦ndsmusik, ,"R&B, jazz, reggae og afrobeat. ", ,19:00,30jun 2023,2023-06-30 19:00:00+02:00
Yukka,https://www.roskilde-festival.dk/da/years/2023/acts/yukka/,,ğŸŒ Gaia,15:30 Mandag 26. juni 2023,https://www.instagram.com/yukkamusik,https://open.spotify.com/artist/2SqekmqckunRaCzsYKQ8cY?si=TL6uyBuxROG-Y8PxVzNG9A,Poetisk og feministisk rap fra stÃ¦rk egyptisk stemme , , , , ,15:30,26jun 2023,2023-06-26 15:30:00+02:00
Yung Lean,https://www.roskilde-festival.dk/da/years/2023/acts/yung-lean/,,ğŸª Arena,02:00 Torsdag 29. juni 2023,https://www.instagram.com/yunglean2001/,https://open.spotify.com/artist/67lytN32YpUxiSeWlKfHJ3?si=1f9zvokpT9aWP0DLA_ZC5w,Svensk kult-rapper med syret og melankolsk udtryk ,ğŸ’€Nej, , , ,02:00,29jun 2023,2023-06-30 02:00:00+02:00
YunÃ¨ Pinku,https://www.roskilde-festival.dk/da/years/2023/acts/yun%C3%A8-pinku/,,ğŸï¸ Gloria,22:30 Torsdag 29. juni 2023,https://www.instagram.com/yune.pinku/?hl=en,https://open.spotify.com/artist/2sY4BbYrbvNVgsNzo6HddD?si=buToaCKeQhmEjqnNWi7pMA,Malaysisk-irsk kunstner forener ravens ekstase og chillout-stemninger i strejftog gennem natten ,ğŸ‘Ja,ğŸ‘Ja,karussel-festival-stemning, ,22:30,29jun 2023,2023-06-29 22:30:00+02:00
Zar Paulo,https://www.roskilde-festival.dk/da/years/2023/acts/zar-paulo/,,ğŸ‘© Eos,22:15 Tirsdag 27. juni 2023,https://www.instagram.com/zar_paulo/,https://open.spotify.com/artist/5Org3M2mFFEFd8A57h9Yv2?si=7ThL6LtHRQux8Ow3xT71eQ,Generationsstemme med en elektrisk energi pÃ¥ scenen , , , , ,22:15,27jun 2023,2023-06-27 22:15:00+02:00
Zuli,https://www.roskilde-festival.dk/da/years/2023/acts/zuli/,,ğŸï¸ Gloria,00:00 Fredag 30. juni 2023,https://www.instagram.com/zulimusic/,https://open.spotify.com/artist/5Kur13kkU4pOoNFAE8K0YF?si=nk35DZAeTwqZnTB8ljC_sg,"StÃ¸jende lydflader, dansable rytmer og arabisk hiphop fra visionÃ¦r Cairo-musiker ", , , , ,00:00,30jun 2023,2023-07-01 00:00:00+02:00
â€˜â€™][â€˜â€™\/\/[[O]] Sss}}{{Ee\\_\\_,https://www.roskilde-festival.dk/da/years/2023/acts/o-sss-ee__/,,ğŸš€ Apollo,02:00 LÃ¸rdag 1. juli 2023,https://www.instagram.com/twoshell/,https://open.spotify.com/artist/4mcHKwboFDmpDBQ4fiOrf3?si=HNa-GFOpRFiVc-hHxpM-mQ,Mystisk og anarkistisk dansemusik fra en fremmed planet , , , , ,02:00,1jul 2023,2023-07-02 02:00:00+02:00
